KIC,DPi1,dpi_e,dpi_E,q,q_e,q_E,eps_g,eps_g_e,eps_g_E,drot,drot_e,drot_E,feh,mass,mass_std
1027337,70.243,0.065,0.045,0.077,0.016,0.022,-0.015,0.144,0.1,0.0,0.0,0.0,0.208,1.304,0.08
1430118,83.029,0.027,0.439,0.155,0.014,0.022,0.33,0.288,0.034,0.279,0.045,0.188,-0.158,1.051,0.057
1433803,80.221,0.01,0.268,0.138,0.019,0.016,0.039,0.109,0.022,0.399,0.174,0.442,0.263,1.231,0.07
1569842,80.708,0.144,0.079,0.155,0.018,0.017,0.195,0.134,0.105,0.366,0.027,0.03,-0.28,0.984,0.057
1719422,76.931,0.009,0.027,0.139,0.007,0.004,0.414,0.033,0.008,0.268,0.009,0.007,-0.282,1.282,0.074
1723752,83.938,0.025,0.025,0.16,0.006,0.005,0.206,0.022,0.013,0.671,0.016,0.025,-0.161,1.332,0.075
1723843,72.875,0.007,0.005,0.16,0.008,0.009,0.189,0.004,0.01,0.486,0.008,0.009,-0.253,1.491,0.089
1726291,82.546,0.018,0.023,0.176,0.019,0.001,0.29,0.025,0.013,0.541,0.016,0.016,-0.379,0.934,0.054
1870196,85.21,0.233,0.013,0.147,0.005,0.01,0.124,0.009,0.172,0.333,0.011,0.047,-0.008,1.182,0.065
1996078,70.976,0.1,0.012,0.164,0.025,0.015,-0.238,0.012,0.213,0.3,0.01,0.042,-0.128,1.219,0.073
1996415,79.184,0.089,0.077,0.136,0.027,0.027,0.227,0.107,0.071,0.0,0.0,0.0,0.1,1.13,0.064
2011891,76.816,0.036,0.092,0.119,0.017,0.021,0.189,0.097,0.021,0.294,0.018,0.208,0.24,1.236,0.073
2018537,80.694,0.008,0.064,0.144,0.011,0.014,0.334,0.029,0.016,0.226,0.026,0.006,0.239,1.333,0.077
2141255,81.146,0.006,0.04,0.17,0.016,0.01,0.186,0.031,0.01,0.538,0.02,0.018,-0.237,1.116,0.063
2141436,77.753,0.01,0.018,0.136,0.008,0.013,0.141,0.024,0.007,0.345,0.009,0.009,,,
2157650,77.598,0.023,0.112,0.12,0.015,0.028,0.221,0.138,0.003,0.637,0.052,0.024,0.106,1.313,0.073
2160910,77.491,0.065,0.027,0.142,0.006,0.02,0.116,0.067,0.068,0.455,0.005,0.017,,,
2161409,72.375,0.075,0.003,0.129,0.013,0.013,0.25,0.009,0.136,0.331,0.007,0.012,0.033,1.441,0.083
2161831,81.265,0.307,0.005,0.165,0.021,0.005,0.309,0.007,0.129,0.332,0.006,0.305,-0.331,1.024,0.057
2285827,82.283,0.051,0.109,0.141,0.018,0.006,0.172,0.095,0.038,0.396,0.032,0.022,0.221,1.201,0.068
2303101,84.325,0.007,0.077,0.143,0.008,0.002,0.272,0.064,0.005,0.0,0.0,0.0,0.175,1.094,0.06
2305992,74.609,0.063,0.108,0.129,0.022,0.043,0.057,0.137,0.135,0.0,0.0,0.0,0.022,1.268,0.074
2422558,74.404,0.011,0.047,0.135,0.003,0.02,0.119,0.086,0.0,0.407,0.011,0.011,0.244,1.361,0.08
2436457,75.936,0.093,0.244,0.131,0.001,0.036,0.189,0.417,0.249,0.187,0.033,0.004,,,
2442483,76.46,0.092,0.009,0.13,0.01,0.018,0.151,0.007,0.143,0.314,0.03,0.012,-0.211,0.999,0.06
2447476,71.0,0.073,0.097,0.103,0.036,0.015,0.062,0.204,0.134,0.0,0.0,0.0,0.235,1.415,0.084
2557392,88.089,0.002,0.034,0.165,0.003,0.008,0.174,0.02,0.0,0.262,0.005,0.011,,,
2568912,80.529,0.089,0.047,0.16,0.019,0.032,0.171,0.043,0.122,0.058,0.008,0.004,-0.144,0.964,0.056
2578581,86.518,0.128,0.069,0.175,0.018,0.052,0.207,0.015,0.096,0.273,0.042,0.038,-0.19,1.26,0.072
2579661,76.472,0.129,0.068,0.136,0.023,0.028,0.166,0.064,0.159,0.3,0.02,0.0,-0.103,1.423,0.082
2583386,87.842,0.002,0.076,0.167,0.019,0.046,0.166,0.071,0.001,0.0,0.0,0.0,0.261,1.793,0.114
2584478,81.382,0.043,0.054,0.135,0.007,0.013,-0.347,0.042,0.044,0.254,0.007,0.016,0.076,1.289,0.073
2692629,88.047,0.126,0.206,0.159,0.034,0.058,0.123,0.111,0.116,0.207,0.034,0.191,,,
2696732,72.788,0.012,0.015,0.126,0.011,0.01,-0.078,0.028,0.016,0.194,0.01,0.01,-0.15,1.259,0.073
2696739,85.923,0.018,0.08,0.18,0.008,0.017,0.184,0.057,0.012,0.0,0.0,0.0,-0.332,1.194,0.073
2715975,75.992,0.02,0.049,0.152,0.007,0.036,0.105,0.066,0.011,0.439,0.023,0.019,,,
2719701,81.14,0.032,0.052,0.138,0.01,0.012,0.173,0.047,0.038,0.366,0.019,0.021,,,
2833772,73.98,0.047,0.006,0.177,0.005,0.007,-0.39,0.011,0.082,0.384,0.006,0.004,,,
2835067,71.1,0.009,0.013,0.175,0.004,0.011,-0.3,0.02,0.008,0.418,0.008,0.005,-0.239,1.278,0.077
2835657,69.922,0.02,0.011,0.112,0.006,0.01,0.05,0.016,0.048,0.393,0.011,0.014,-0.238,1.344,0.078
2853354,76.417,0.014,0.029,0.118,0.011,0.013,0.008,0.03,0.017,0.424,0.013,0.01,,,
2970784,79.798,0.065,0.048,0.168,0.018,0.026,0.251,0.04,0.07,0.563,0.025,0.035,,,
2971432,83.558,0.079,0.049,0.139,0.01,0.02,0.217,0.027,0.063,0.0,0.0,0.0,0.139,1.432,0.081
2972545,80.338,0.497,0.018,0.14,0.018,0.031,0.268,0.053,0.232,0.502,0.043,0.031,-0.016,1.469,0.085
2974827,82.543,0.226,0.06,0.151,0.011,0.032,0.163,0.076,0.126,0.461,0.06,0.03,,,
2988295,88.953,0.036,0.046,0.186,0.006,0.012,0.235,0.023,0.024,0.0,0.0,0.0,-0.188,1.072,0.059
2998532,75.152,0.063,0.027,0.125,0.01,0.033,0.125,0.037,0.083,0.296,0.021,0.027,0.01,1.211,0.069
3096636,81.77,0.013,0.175,0.151,0.021,0.02,0.319,0.147,0.001,0.243,0.109,0.039,,,
3097819,81.644,0.203,0.022,0.129,0.003,0.014,0.128,0.044,0.05,0.265,0.007,0.26,,,
3098179,80.865,0.066,0.002,0.143,0.006,0.024,0.241,0.002,0.071,0.324,0.028,0.009,-0.268,0.971,0.055
3111456,86.601,0.015,0.109,0.12,0.007,0.058,0.337,0.042,0.013,0.323,0.075,0.007,,,
3111831,78.605,0.051,0.286,0.115,0.024,0.046,0.117,0.367,0.016,0.0,0.05,0.283,0.305,1.236,0.072
3113648,74.005,0.007,0.164,0.099,0.02,0.013,0.265,0.304,0.044,0.273,0.024,0.027,0.199,1.163,0.069
3115292,80.576,0.008,0.061,0.137,0.003,0.017,0.167,0.062,0.007,0.325,0.012,0.01,,,
3119555,70.461,0.011,0.135,0.111,0.025,0.025,0.311,0.286,0.039,0.0,0.0,0.0,0.119,1.362,0.081
3123653,74.889,0.065,0.01,0.154,0.011,0.012,0.057,0.011,0.101,0.297,0.017,0.013,-0.441,1.122,0.065
3129312,82.599,0.004,0.04,0.141,0.003,0.008,0.275,0.032,0.008,0.301,0.009,0.014,-0.01,1.033,0.058
3216334,75.535,0.008,0.137,0.126,0.022,0.048,0.246,0.168,0.072,0.872,0.232,0.103,,,
3218312,71.216,0.014,0.005,0.116,0.004,0.011,0.159,0.007,0.029,0.556,0.009,0.006,-0.027,1.245,0.074
3221086,72.986,0.137,0.026,0.115,0.026,0.025,-0.125,0.021,0.267,0.0,0.0,0.0,-0.085,1.185,0.07
3222834,84.404,0.116,0.013,0.153,0.016,0.027,0.34,0.006,0.099,0.435,0.036,0.028,-0.034,1.031,0.057
3247146,69.593,0.012,0.031,0.127,0.049,0.012,-0.46,0.04,0.009,0.0,0.0,0.0,,,
3337536,77.805,0.021,0.181,0.139,0.032,0.047,0.238,0.235,0.011,0.0,0.0,0.0,-0.363,1.001,0.059
3343630,73.267,0.012,0.07,0.109,0.014,0.046,0.017,0.189,0.017,0.45,0.02,0.0,0.163,1.242,0.075
3346725,79.127,0.068,0.012,0.14,0.003,0.012,0.247,0.02,0.067,0.476,0.012,0.008,,,
3347431,70.923,0.007,0.127,0.144,0.017,0.015,0.077,0.316,0.007,0.316,0.008,0.015,-0.361,1.124,0.067
3426673,80.835,0.119,0.016,0.128,0.007,0.01,0.209,0.01,0.102,0.446,0.017,0.013,0.272,1.344,0.077
3427908,79.326,0.226,0.015,0.16,0.031,0.006,0.166,0.088,0.122,0.22,0.14,0.281,,,
3428577,80.739,0.011,0.013,0.157,0.002,0.011,0.234,0.004,0.001,0.286,0.012,0.005,,,
3430007,77.82,0.089,0.419,0.129,0.013,0.063,0.196,0.346,0.124,0.278,0.057,0.085,,,
3430674,80.268,0.07,0.017,0.153,0.017,0.019,0.205,0.019,0.091,0.551,0.017,0.012,,,
3432802,77.605,0.061,0.049,0.146,0.013,0.004,0.145,0.053,0.075,0.542,0.012,0.012,0.012,1.326,0.076
3439353,68.529,0.019,0.016,0.111,0.043,0.067,-0.138,0.035,0.03,0.448,0.008,0.007,-0.07,1.399,0.083
3441207,83.463,0.014,0.118,0.137,0.009,0.009,0.214,0.086,0.018,0.266,0.016,0.019,0.079,1.218,0.068
3448427,76.649,0.07,0.001,0.15,0.009,0.006,0.224,0.001,0.096,0.377,0.005,0.009,,,
3525569,82.202,0.052,0.144,0.158,0.016,0.032,0.266,0.159,0.019,0.291,0.033,0.024,,,
3526061,77.187,0.001,0.35,0.136,0.026,0.008,0.102,0.452,0.002,0.385,0.027,0.016,0.164,1.372,0.079
3530333,77.262,0.005,0.181,0.127,0.006,0.01,0.16,0.201,0.006,0.381,0.01,0.031,,,
3531436,79.718,0.143,0.018,0.158,0.01,0.012,0.109,0.009,0.113,0.359,0.045,0.004,-0.311,1.365,0.079
3531478,87.606,0.083,0.155,0.159,0.02,0.012,0.041,0.099,0.027,0.345,0.087,0.002,-0.091,1.45,0.083
3532085,76.982,0.023,0.011,0.153,0.008,0.013,0.117,0.024,0.022,0.411,0.016,0.013,-0.049,1.08,0.064
3539429,77.661,0.009,0.172,0.13,0.004,0.025,0.122,0.244,0.008,0.417,0.014,0.013,0.208,1.175,0.068
3546046,82.734,0.012,0.09,0.142,0.008,0.018,0.172,0.062,0.011,0.364,0.011,0.037,0.091,1.24,0.069
3547041,74.669,0.026,0.011,0.11,0.009,0.007,0.221,0.002,0.027,0.415,0.024,0.025,0.299,1.303,0.077
3547236,79.329,0.013,0.184,0.13,0.011,0.017,0.183,0.197,0.027,0.303,0.02,0.026,0.094,1.191,0.068
3628943,75.135,0.007,0.118,0.135,0.007,0.015,0.26,0.177,0.009,0.42,0.022,0.004,,,
3632803,81.817,0.096,0.183,0.165,0.027,0.012,0.191,0.157,0.088,0.318,0.054,0.036,,,
3642837,73.099,0.016,0.062,0.137,0.004,0.09,0.341,0.061,0.057,0.398,0.033,0.011,0.133,1.26,0.073
3645589,80.815,0.085,0.119,0.122,0.007,0.025,0.161,0.113,0.071,0.495,0.023,0.055,0.188,1.223,0.069
3647215,81.082,0.124,0.167,0.136,0.019,0.032,0.274,0.171,0.133,0.0,0.0,0.0,-0.276,0.958,0.055
3733028,92.51,0.11,0.209,0.13,0.0,0.044,0.17,0.046,0.08,0.312,0.008,0.261,0.065,1.568,0.09
3733123,72.484,0.105,0.008,0.102,0.023,0.033,-0.239,0.012,0.178,0.231,0.003,0.009,,,
3733676,77.433,0.021,0.151,0.13,0.008,0.029,-0.017,0.194,0.025,0.123,0.014,0.006,,,
3734501,76.938,0.061,0.082,0.121,0.022,0.023,0.102,0.091,0.099,0.0,0.0,0.0,,,
3735912,82.163,0.082,0.023,0.146,0.001,0.012,0.294,0.022,0.056,0.344,0.013,0.019,-0.14,1.508,0.089
3744043,75.972,0.039,0.019,0.145,0.011,0.023,-0.001,0.028,0.033,0.28,0.015,0.011,-0.344,1.241,0.073
3746005,73.763,0.001,0.136,0.123,0.014,0.104,0.059,0.155,0.002,0.141,0.033,0.018,,,
3751415,81.638,0.288,0.068,0.147,0.0,0.023,0.217,0.057,0.217,0.349,0.005,0.044,,,
3751663,72.506,0.103,0.021,0.127,0.029,0.032,0.057,0.045,0.194,0.0,0.0,0.0,,,
3756174,76.936,0.021,0.034,0.14,0.016,0.005,0.184,0.041,0.033,0.374,0.01,0.01,0.235,1.164,0.069
3833819,79.464,0.045,0.081,0.136,0.02,0.014,0.167,0.081,0.045,0.336,0.017,0.03,0.003,1.247,0.072
3837488,75.544,0.082,0.039,0.134,0.018,0.035,-0.435,0.065,0.082,0.0,0.0,0.0,-0.406,0.996,0.059
3839294,77.233,0.12,0.095,0.118,0.018,0.033,0.094,0.1,0.169,0.0,0.0,0.0,-0.051,1.154,0.066
3842778,72.251,0.005,0.014,0.166,0.007,0.009,0.197,0.03,0.005,0.347,0.005,0.005,,,
3847096,81.187,0.106,0.471,0.143,0.027,0.03,0.268,0.267,0.002,0.341,0.119,0.044,,,
3854607,85.032,0.111,0.03,0.164,0.008,0.022,0.183,0.019,0.085,0.0,0.0,0.0,,,
3861797,81.707,0.066,0.081,0.144,0.011,0.016,0.263,0.077,0.051,0.315,0.018,0.058,-0.241,1.008,0.057
3942701,82.202,0.012,0.01,0.163,0.004,0.012,0.276,0.005,0.011,0.647,0.006,0.019,,,
3955033,74.573,0.026,0.006,0.175,0.016,0.01,0.433,0.008,0.039,0.778,0.007,0.018,0.177,1.353,0.079
3965502,73.035,0.017,0.051,0.13,0.013,0.018,0.063,0.037,0.051,0.338,0.025,0.008,-0.014,1.484,0.088
3970635,70.176,0.134,0.016,0.065,0.003,0.063,-0.305,0.018,0.374,0.0,0.0,0.0,-0.196,1.173,0.07
3973247,81.287,0.031,0.075,0.135,0.007,0.024,0.082,0.063,0.028,0.394,0.014,0.027,0.09,1.171,0.066
4048951,77.937,0.009,0.092,0.141,0.009,0.013,0.157,0.12,0.002,0.225,0.014,0.015,-0.159,1.119,0.063
4056579,81.704,0.238,0.015,0.133,0.011,0.028,0.21,0.075,0.089,0.293,0.002,0.338,,,
4066074,76.556,0.054,0.009,0.144,0.007,0.009,0.334,0.008,0.086,0.367,0.005,0.007,,,
4066278,74.269,0.037,0.159,0.139,0.022,0.054,0.152,0.196,0.028,0.056,0.014,0.053,0.045,1.484,0.088
4074796,78.734,0.01,0.061,0.132,0.003,0.024,0.137,0.057,0.02,0.519,0.01,0.019,0.163,1.194,0.069
4137210,74.406,0.032,0.048,0.125,0.014,0.027,0.223,0.063,0.062,0.0,0.0,0.0,-0.367,1.402,0.084
4147928,85.297,0.218,0.309,0.148,0.009,0.003,0.206,0.191,0.141,0.289,0.029,0.004,,,
4147993,84.777,0.016,0.552,0.132,0.074,0.01,0.208,0.294,0.012,0.509,0.082,0.028,0.268,1.431,0.081
4164464,84.362,0.265,0.152,0.14,0.028,0.034,0.221,0.121,0.199,0.257,0.033,0.035,0.193,1.164,0.066
4168909,79.287,0.075,0.12,0.12,0.009,0.017,0.177,0.117,0.085,0.257,0.014,0.024,0.252,1.246,0.072
4171788,72.901,0.033,0.033,0.142,0.027,0.038,0.019,0.051,0.02,0.0,0.0,0.0,-0.509,1.251,0.083
4172148,82.223,0.153,0.033,0.175,0.041,0.005,-0.243,0.004,0.155,0.272,0.051,0.083,,,
4174996,78.841,0.019,0.064,0.162,0.009,0.018,0.161,0.083,0.019,0.235,0.013,0.007,-0.508,0.987,0.053
4180064,71.71,0.199,0.017,0.139,0.037,0.037,-0.089,0.002,0.438,0.0,0.0,0.0,,,
4261269,71.167,0.025,0.026,0.111,0.012,0.011,-0.002,0.038,0.048,0.345,0.005,0.175,-0.002,1.521,0.09
4262505,70.24,0.007,0.03,0.136,0.013,0.008,0.06,0.065,0.019,0.373,0.006,0.004,-0.204,1.417,0.084
4279009,90.096,0.426,0.312,0.16,0.027,0.201,0.196,0.079,0.169,0.0,0.0,0.0,0.084,1.097,0.059
4280299,77.226,0.201,0.126,0.147,0.023,0.025,0.065,0.123,0.22,0.362,0.037,0.043,-0.125,1.524,0.089
4280424,84.952,0.051,0.231,0.123,0.016,0.027,0.262,0.207,0.04,0.343,0.129,0.058,0.314,1.58,0.095
4282310,81.957,0.08,0.064,0.164,0.014,0.023,0.31,0.046,0.09,0.153,0.028,0.022,-0.413,1.122,0.063
4348513,74.991,0.015,0.05,0.127,0.014,0.027,0.277,0.09,0.023,0.546,0.002,0.03,-0.506,0.952,0.057
4350501,69.406,0.093,0.01,0.085,0.015,0.026,-0.093,0.008,0.139,0.073,0.011,0.023,-0.107,1.47,0.087
4356490,81.354,0.15,0.023,0.127,0.001,0.016,0.051,0.001,0.139,0.263,0.016,0.016,,,
4365132,75.695,0.024,0.043,0.101,0.017,0.024,0.109,0.026,0.011,0.0,0.0,0.0,,,
4370730,82.364,0.407,0.012,0.167,0.013,0.01,0.304,0.009,0.117,0.533,0.029,0.021,-0.465,0.875,0.054
4376913,73.1,0.038,0.049,0.105,0.016,0.017,0.21,0.003,0.073,0.356,0.042,0.064,0.188,1.388,0.083
4445549,87.579,0.091,0.313,0.194,0.037,0.028,0.254,0.196,0.057,0.201,0.037,0.056,-0.398,1.059,0.06
4446215,81.491,0.212,0.089,0.194,0.08,0.005,0.081,0.027,0.204,0.304,0.071,0.039,0.016,1.475,0.085
4448777,89.561,0.226,0.035,0.164,0.012,0.013,0.182,0.015,0.13,0.394,0.029,0.023,,,
4454505,74.065,0.093,0.011,0.132,0.019,0.021,-0.063,0.007,0.174,0.493,0.015,0.055,,,
4457632,74.386,0.019,0.01,0.139,0.006,0.007,0.161,0.014,0.026,0.368,0.004,0.009,,,
4465516,88.724,0.015,0.012,0.184,0.004,0.015,0.015,0.01,0.008,0.0,0.0,0.0,,,
4466582,78.766,0.039,0.008,0.146,0.009,0.015,0.261,0.002,0.05,0.403,0.017,0.012,0.12,1.104,0.064
4469317,72.574,0.009,0.027,0.155,0.009,0.029,0.289,0.035,0.003,0.351,0.012,0.029,,,
4471217,76.714,0.025,0.067,0.143,0.03,0.012,0.199,0.074,0.004,0.358,0.066,0.035,-0.03,1.173,0.067
4472729,89.972,0.009,0.002,0.182,0.002,0.001,-0.055,0.0,0.006,0.339,0.003,0.004,-0.004,1.089,0.059
4475643,76.664,0.057,0.083,0.157,0.024,0.021,0.12,0.066,0.038,0.311,0.031,0.07,,,
4489185,73.039,0.151,0.01,0.11,0.001,0.048,0.331,0.053,0.004,0.332,0.219,0.098,,,
4555734,82.43,0.061,0.336,0.173,0.031,0.013,0.225,0.326,0.031,0.241,0.045,0.012,-0.319,1.06,0.059
4568343,81.552,0.071,0.177,0.133,0.04,0.04,0.215,0.189,0.028,0.318,0.061,0.024,,,
4570555,83.692,0.011,0.009,0.155,0.008,0.001,0.168,0.009,0.006,0.374,0.002,0.009,-0.104,1.273,0.07
4571448,86.502,0.004,0.096,0.187,0.007,0.008,0.371,0.059,0.001,0.318,0.039,0.017,0.195,1.23,0.068
4586384,77.092,0.105,0.013,0.145,0.016,0.007,0.04,0.01,0.136,0.369,0.021,0.016,,,
4586817,79.853,0.388,0.086,0.137,0.021,0.027,0.21,0.157,0.17,0.246,0.166,0.294,0.005,1.306,0.073
4588755,83.27,0.021,0.02,0.136,0.01,0.01,0.463,0.022,0.01,0.343,0.015,0.013,,,
4633376,80.944,0.099,0.135,0.129,0.039,0.023,0.226,0.127,0.097,0.0,0.0,0.0,0.244,1.145,0.068
4645474,81.975,0.101,0.076,0.159,0.021,0.024,0.206,0.041,0.124,0.295,0.022,0.021,-0.348,1.128,0.076
4645513,94.07,0.069,0.045,0.156,0.028,0.041,0.008,0.058,0.065,0.0,0.0,0.0,0.09,1.782,0.112
4649441,86.85,0.045,0.241,0.168,0.008,0.014,0.235,0.124,0.04,0.453,0.025,0.028,,,
4650936,85.073,0.2,0.136,0.148,0.028,0.034,0.226,0.056,0.145,0.317,0.071,0.035,,,
4660930,80.028,0.04,0.088,0.138,0.017,0.011,0.147,0.08,0.027,0.532,0.032,0.038,,,
4662555,85.518,0.018,0.271,0.159,0.008,0.02,0.278,0.179,0.003,0.269,0.069,0.013,0.082,1.546,0.087
4664515,86.415,0.042,0.06,0.181,0.009,0.018,0.271,0.043,0.026,0.348,0.038,0.025,-0.692,0.852,0.052
4667909,79.836,3.606,3.48,0.143,0.025,0.019,0.158,0.1,0.056,0.414,0.0,0.0,0.109,1.185,0.067
4669118,80.96,0.0,0.16,0.147,0.015,0.027,0.049,0.161,0.0,0.314,0.025,0.008,0.139,1.153,0.065
4678118,71.55,0.054,0.044,0.174,0.054,0.027,-0.234,0.079,0.126,0.459,0.029,0.025,-0.504,1.061,0.066
4729920,82.743,0.012,0.201,0.169,0.014,0.022,0.149,0.194,0.005,0.311,0.015,0.03,-0.65,0.937,0.054
4730648,80.603,0.038,0.021,0.156,0.012,0.015,0.103,0.029,0.035,0.295,0.031,0.023,,,
4732137,84.032,0.014,0.09,0.144,0.005,0.005,0.172,0.066,0.009,0.399,0.011,0.008,0.156,1.228,0.069
4749874,81.214,0.069,0.264,0.157,0.039,0.012,0.279,0.249,0.085,0.157,0.022,0.022,,,
4755372,78.937,0.039,0.034,0.138,0.01,0.033,0.077,0.041,0.051,0.359,0.015,0.046,-0.183,1.194,0.07
4756746,81.725,0.084,0.048,0.114,0.008,0.024,0.121,0.055,0.069,0.353,0.006,0.051,0.272,1.488,0.087
4774298,85.108,0.041,0.053,0.176,0.013,0.011,0.268,0.048,0.024,0.0,0.0,0.0,-0.414,0.942,0.051
4818593,71.981,0.011,0.009,0.149,0.008,0.005,-0.101,0.016,0.022,0.431,0.007,0.005,-0.064,1.27,0.074
4826423,71.633,0.029,0.126,0.106,0.04,0.006,0.245,0.248,0.066,0.0,0.0,0.0,0.28,1.274,0.076
4833419,73.072,0.02,0.044,0.11,0.002,0.021,0.265,0.016,0.003,0.209,0.011,0.007,,,
4839278,70.716,0.011,0.145,0.059,0.016,0.026,-0.024,0.384,0.207,0.0,0.0,0.0,,,
4840662,79.126,0.015,0.108,0.137,0.012,0.012,0.225,0.139,0.02,0.436,0.01,0.019,0.439,1.198,0.071
4842192,81.81,0.091,0.007,0.154,0.013,0.041,0.365,0.006,0.059,0.342,0.016,0.05,,,
4848095,81.916,0.084,0.432,0.134,0.009,0.016,0.274,0.362,0.067,0.389,0.02,0.026,,,
4902442,80.78,0.034,0.102,0.153,0.023,0.011,0.15,0.07,0.036,0.361,0.012,0.033,0.036,1.27,0.072
4904166,76.663,0.008,0.027,0.146,0.008,0.019,0.099,0.044,0.006,0.377,0.007,0.009,-0.307,1.121,0.065
4904621,82.771,0.053,0.236,0.144,0.023,0.015,0.323,0.232,0.05,0.0,0.0,0.0,,,
4912918,75.802,0.027,0.004,0.142,0.026,0.004,0.194,0.0,0.042,0.346,0.005,0.006,-0.094,1.131,0.065
4920600,75.989,0.052,0.043,0.116,0.011,0.048,0.132,0.029,0.121,0.451,0.046,0.011,-0.087,1.103,0.065
4926689,80.052,0.088,0.057,0.147,0.013,0.01,0.283,0.044,0.091,0.26,0.017,0.023,,,
4928958,77.269,0.033,0.096,0.132,0.022,0.013,0.211,0.136,0.049,0.176,0.011,0.012,0.115,1.094,0.064
4932704,81.048,0.016,0.04,0.139,0.009,0.014,0.101,0.017,0.017,0.283,0.015,0.016,,,
4934133,74.68,0.041,0.012,0.111,0.021,0.035,0.203,0.018,0.059,0.0,0.0,0.0,,,
4952717,87.092,0.205,0.077,0.165,0.022,0.012,0.272,0.058,0.069,0.305,0.012,0.34,0.102,1.111,0.061
4953262,84.818,0.02,0.061,0.163,0.009,0.008,0.323,0.047,0.014,0.326,0.025,0.014,-0.094,1.188,0.066
4989477,78.87,0.037,0.056,0.164,0.021,0.009,0.171,0.051,0.038,0.675,0.019,0.019,,,
4991732,90.11,0.046,0.065,0.124,0.01,0.025,0.094,0.065,0.047,0.19,0.011,0.016,0.115,1.769,0.109
4995788,84.266,0.083,0.159,0.142,0.034,0.044,0.456,0.095,0.044,0.0,0.0,0.0,0.23,1.111,0.062
5000089,81.38,0.102,0.27,0.137,0.041,0.052,0.2,0.215,0.07,0.229,0.118,0.076,-0.229,1.221,0.072
5002732,86.62,0.033,0.274,0.149,0.045,0.051,0.2,0.187,0.012,0.373,0.069,0.049,-0.078,1.064,0.059
5003549,80.506,0.196,0.302,0.144,0.015,0.013,0.229,0.376,0.035,0.41,0.043,0.023,0.008,1.183,0.067
5006817,77.524,0.022,0.093,0.138,0.016,0.009,0.193,0.108,0.017,0.455,0.014,0.022,0.129,1.357,0.078
5016549,70.353,0.031,0.051,0.131,0.016,0.01,0.072,0.059,0.083,0.335,0.01,0.025,-0.56,1.446,0.088
5019587,68.944,0.036,0.092,0.128,0.026,0.055,0.011,0.11,0.037,0.0,0.0,0.0,,,
5034206,79.072,0.236,0.041,0.128,0.018,0.017,0.192,0.017,0.26,0.361,0.04,0.035,0.165,1.213,0.07
5035304,78.583,0.017,0.058,0.138,0.007,0.015,0.136,0.068,0.016,0.533,0.016,0.021,0.186,1.246,0.071
5080831,90.145,0.098,0.021,0.167,0.008,0.011,0.217,0.009,0.052,0.381,0.044,0.022,0.153,1.13,0.061
5083853,86.88,0.057,0.008,0.146,0.005,0.008,0.286,0.003,0.042,0.0,0.0,0.0,,,
5105354,77.457,0.045,0.029,0.128,0.011,0.016,0.164,0.035,0.043,0.352,0.048,0.055,,,
5107886,75.341,0.011,0.07,0.15,0.025,0.016,0.075,0.093,0.025,0.316,0.017,0.023,-0.192,1.519,0.09
5109052,74.687,0.044,0.079,0.12,0.036,0.026,0.434,0.064,0.01,0.0,0.0,0.0,-0.167,1.03,0.062
5109878,78.109,0.091,0.028,0.148,0.019,0.012,0.237,0.026,0.114,0.296,0.019,0.014,-0.268,1.34,0.078
5110453,85.61,0.113,0.439,0.169,0.047,0.087,0.307,0.351,0.074,0.298,0.148,0.075,,,
5111718,88.426,0.064,0.029,0.147,0.002,0.014,0.155,0.019,0.068,0.431,0.009,0.016,0.101,1.646,0.099
5112072,92.313,0.083,0.149,0.176,0.033,0.017,0.079,0.117,0.063,0.384,0.064,0.054,0.039,1.627,0.097
5129236,84.25,0.009,0.012,0.142,0.004,0.009,0.342,0.006,0.006,0.359,0.012,0.001,0.347,1.171,0.066
5168382,89.409,0.026,0.098,0.219,0.08,0.038,0.238,0.064,0.013,0.489,0.04,0.038,-0.283,1.116,0.067
5172427,85.862,0.068,0.188,0.152,0.018,0.01,0.137,0.137,0.059,0.319,0.038,0.011,,,
5176520,82.134,0.009,0.211,0.153,0.008,0.028,0.159,0.189,0.006,0.29,0.017,0.027,-0.306,1.052,0.06
5197031,83.754,0.042,0.13,0.157,0.008,0.085,0.138,0.123,0.027,0.396,0.006,0.084,,,
5199978,85.6,0.105,0.296,0.164,0.019,0.0,0.293,0.214,0.071,0.0,0.0,0.0,,,
5206349,76.059,0.016,0.009,0.16,0.009,0.014,0.122,0.009,0.022,0.315,0.009,0.008,-0.678,0.994,0.06
5208343,79.34,0.029,0.099,0.142,0.006,0.01,0.257,0.123,0.029,0.28,0.089,0.028,,,
5214140,74.702,0.021,0.027,0.148,0.01,0.007,0.143,0.005,0.007,0.38,0.016,0.023,-0.414,0.944,0.058
5215099,70.065,0.016,0.02,0.09,0.012,0.009,-0.199,0.048,0.009,0.187,0.013,0.01,,,
5252534,84.385,0.021,0.015,0.15,0.002,0.007,0.206,0.007,0.018,0.333,0.01,0.007,-0.049,1.055,0.058
5254812,73.795,0.091,0.022,0.121,0.014,0.079,-0.041,0.021,0.177,0.392,0.052,0.009,-0.272,1.176,0.069
5255835,72.187,0.019,0.008,0.156,0.008,0.009,0.002,0.009,0.042,0.346,0.007,0.009,-0.712,0.923,0.058
5266369,72.737,0.012,0.09,0.137,0.026,0.036,0.084,0.186,0.028,0.0,0.0,0.0,-0.392,1.154,0.068
5284948,80.674,0.007,0.103,0.156,0.006,0.012,0.222,0.098,0.007,0.463,0.015,0.012,-0.154,1.211,0.069
5290047,76.241,0.011,0.115,0.138,0.02,0.024,0.209,0.151,0.005,0.0,0.0,0.0,,,
5295846,83.726,0.392,0.103,0.179,0.047,0.095,0.125,0.124,0.125,0.0,0.0,0.0,,,
5305945,76.196,0.019,0.137,0.141,0.029,0.033,0.189,0.229,0.023,0.0,0.0,0.0,,,
5306751,74.431,0.082,0.013,0.164,0.039,0.086,0.092,0.007,0.087,0.401,0.019,0.006,-0.578,0.974,0.059
5308777,70.374,0.016,0.037,0.165,0.002,0.023,0.194,0.047,0.02,0.469,0.032,0.014,0.059,1.354,0.079
5340189,84.171,0.016,0.088,0.141,0.009,0.005,0.205,0.069,0.01,0.399,0.011,0.026,0.082,1.242,0.071
5340720,75.546,0.003,0.043,0.143,0.01,0.007,0.014,0.067,0.007,0.431,0.015,0.006,-0.289,1.051,0.064
5341746,84.419,0.232,0.036,0.179,0.007,0.038,0.162,0.026,0.062,0.327,0.095,0.162,,,
5343454,75.486,0.026,0.064,0.172,0.011,0.019,0.303,0.085,0.048,0.629,0.021,0.009,-0.194,1.319,0.078
5345094,80.01,0.065,0.076,0.133,0.026,0.009,0.19,0.09,0.041,0.326,0.042,0.03,0.146,1.24,0.07
5356201,85.713,0.035,0.275,0.145,0.022,0.013,0.237,0.163,0.021,0.427,0.045,0.03,0.158,1.225,0.068
5364240,68.858,0.007,0.127,0.113,0.015,0.047,-0.017,0.292,0.073,0.0,0.0,0.0,,,
5370902,74.896,0.05,0.019,0.132,0.009,0.019,-0.166,0.023,0.067,0.465,0.014,0.015,0.123,1.348,0.078
5371124,90.133,0.004,0.077,0.197,0.005,0.003,0.27,0.041,0.004,0.499,0.002,0.001,-0.432,1.04,0.056
5371756,75.465,0.075,0.097,0.129,0.015,0.026,0.198,0.124,0.124,0.0,0.0,0.0,-0.199,1.276,0.075
5372224,76.2,0.173,0.014,0.121,0.016,0.039,-0.35,0.0,0.221,0.0,0.0,0.0,,,
5377341,80.975,0.025,0.264,0.146,0.012,0.14,0.35,0.197,0.032,0.315,0.032,0.024,,,
5377645,86.204,0.015,0.147,0.15,0.004,0.019,0.171,0.082,0.01,0.0,0.0,0.0,-0.149,1.435,0.079
5380775,78.336,0.01,0.0,0.11,0.093,0.111,0.132,0.01,0.048,0.496,0.008,0.003,0.136,1.729,0.108
5384777,87.855,0.176,0.268,0.185,0.06,0.055,0.342,0.187,0.065,0.245,0.071,0.077,-0.032,1.175,0.065
5385518,79.536,0.087,0.049,0.119,0.037,0.046,0.291,0.026,0.015,0.0,0.0,0.0,0.045,1.863,0.119
5389263,82.857,0.096,0.308,0.15,0.015,0.042,0.256,0.344,0.098,0.576,0.054,0.047,,,
5390372,83.944,0.119,0.027,0.17,0.023,0.033,0.132,0.021,0.088,0.279,0.052,0.013,-0.309,1.056,0.061
5428360,74.34,0.042,0.02,0.138,0.009,0.024,0.145,0.044,0.06,0.34,0.016,0.018,0.157,1.254,0.073
5429842,86.205,0.016,0.135,0.159,0.004,0.013,0.282,0.095,0.01,0.0,0.0,0.0,,,
5440198,78.976,0.038,0.027,0.126,0.004,0.011,0.175,0.024,0.05,0.312,0.003,0.011,0.185,1.206,0.068
5450937,72.931,0.005,0.007,0.157,0.004,0.005,0.147,0.016,0.011,0.31,0.004,0.003,-0.224,1.164,0.069
5457703,78.391,0.044,0.057,0.131,0.023,0.026,0.177,0.079,0.048,0.0,0.0,0.0,,,
5461779,78.351,0.003,0.097,0.113,0.041,0.101,0.136,0.076,0.001,0.385,0.046,0.007,,,
5461921,72.783,0.053,0.036,0.152,0.009,0.039,0.117,0.075,0.099,0.244,0.01,0.015,-0.288,0.975,0.059
5470218,83.206,0.022,0.007,0.158,0.01,0.007,0.051,0.007,0.012,0.371,0.022,0.025,-0.075,1.163,0.065
5513771,84.839,0.008,0.076,0.167,0.006,0.005,0.232,0.061,0.009,0.0,0.0,0.0,-0.303,1.014,0.057
5514689,84.367,0.054,0.106,0.135,0.022,0.035,0.236,0.09,0.05,0.0,0.0,0.0,,,
5521181,71.046,0.07,0.041,0.125,0.014,0.016,0.015,0.106,0.148,0.139,0.007,0.008,,,
5522071,75.124,0.038,0.04,0.123,0.015,0.013,0.248,0.054,0.055,0.0,0.0,0.0,-0.026,1.427,0.083
5522575,76.37,0.034,0.063,0.128,0.009,0.021,0.127,0.077,0.004,0.263,0.029,0.021,-0.484,1.286,0.079
5530598,75.958,0.025,0.029,0.129,0.008,0.013,0.151,0.039,0.04,0.381,0.012,0.008,,,
5543573,76.977,0.013,0.121,0.14,0.011,0.026,0.215,0.136,0.016,0.576,0.026,0.023,,,
5544444,70.881,0.034,0.121,0.11,0.014,0.023,0.222,0.239,0.075,0.0,0.0,0.0,0.285,1.529,0.092
5560101,80.433,0.148,0.2,0.136,0.026,0.026,0.33,0.133,0.17,0.0,0.0,0.0,,,
5600739,83.242,0.004,0.166,0.141,0.005,0.007,0.188,0.121,0.001,0.319,0.008,0.025,0.113,1.228,0.069
5602062,77.095,0.022,0.018,0.128,0.009,0.015,0.378,0.023,0.029,0.101,0.013,0.01,-0.126,1.075,0.061
5613099,83.827,0.035,0.222,0.134,0.02,0.027,0.125,0.125,0.02,0.36,0.059,0.087,0.302,1.191,0.068
5617324,87.784,0.021,0.114,0.127,0.01,0.01,0.168,0.089,0.016,0.225,0.018,0.015,-0.068,1.549,0.092
5620636,79.73,0.148,0.096,0.121,0.032,0.019,0.236,0.085,0.132,0.23,0.05,0.016,0.31,1.31,0.074
5637392,70.726,0.013,0.007,0.144,0.007,0.01,0.103,0.008,0.03,0.396,0.008,0.004,-0.141,1.301,0.077
5639438,71.189,0.023,0.093,0.096,0.016,0.039,0.269,0.089,0.029,0.12,0.06,0.043,0.183,1.673,0.1
5645576,78.156,0.013,0.288,0.124,0.027,0.031,0.178,0.354,0.002,0.0,0.0,0.0,0.361,1.21,0.07
5647719,88.705,0.047,0.264,0.116,0.011,0.053,-0.063,0.152,0.062,0.292,0.057,0.051,0.035,1.533,0.089
5648159,85.176,0.083,0.006,0.144,0.008,0.003,0.249,0.005,0.057,0.278,0.002,0.027,0.091,1.531,0.09
5650945,83.438,0.036,0.076,0.137,0.011,0.021,0.23,0.055,0.028,0.335,0.033,0.023,,,
5653970,73.265,0.08,0.009,0.147,0.013,0.04,0.181,0.004,0.088,0.595,0.032,0.02,-0.046,1.495,0.088
5685237,75.763,0.038,0.024,0.137,0.019,0.019,0.142,0.05,0.042,0.518,0.057,0.03,-0.334,1.114,0.068
5694017,83.485,0.078,0.02,0.131,0.003,0.007,0.222,0.016,0.062,0.0,0.0,0.0,0.24,1.207,0.068
5694334,72.47,0.037,0.101,0.119,0.022,0.034,0.151,0.205,0.026,0.0,0.0,0.0,,,
5714754,86.719,0.021,0.115,0.18,0.014,0.064,0.195,0.048,0.021,0.27,0.009,0.149,,,
5724214,83.447,0.015,0.026,0.147,0.0,0.007,0.156,0.015,0.017,0.214,0.006,0.005,,,
5771621,82.51,0.08,0.077,0.152,0.014,0.027,0.179,0.068,0.074,0.0,0.0,0.0,,,
5780614,81.782,0.018,0.154,0.163,0.061,0.007,0.163,0.138,0.017,0.237,0.187,0.05,-0.17,1.296,0.073
5791045,77.807,0.188,0.08,0.12,0.02,0.056,0.152,0.154,0.197,0.1,0.006,0.104,0.174,1.118,0.065
5857618,81.698,0.165,0.018,0.105,0.041,0.095,-0.119,0.06,0.316,0.278,0.005,0.016,0.23,1.744,0.107
5858947,84.027,0.116,0.152,0.195,0.009,0.021,0.244,0.148,0.092,0.537,0.029,0.008,-0.789,0.913,0.051
5866537,73.092,0.057,0.072,0.13,0.044,0.016,0.197,0.095,0.052,0.367,0.06,0.035,0.089,1.36,0.079
5866737,68.487,0.08,0.164,0.119,0.01,0.059,0.056,0.455,0.036,0.0,0.0,0.0,-0.307,1.319,0.08
5867450,83.33,0.033,0.035,0.136,0.012,0.003,0.175,0.031,0.03,0.37,0.014,0.011,0.365,1.161,0.066
5867802,72.885,0.009,0.117,0.105,0.018,0.056,0.238,0.164,0.063,0.416,0.015,0.004,,,
5869538,85.31,0.007,0.062,0.173,0.007,0.006,0.309,0.04,0.004,0.204,0.015,0.008,-0.207,1.271,0.069
5876943,79.719,0.08,0.004,0.122,0.002,0.015,0.263,0.0,0.084,0.357,0.033,0.002,,,
5879114,89.223,0.044,0.02,0.168,0.007,0.012,0.136,0.015,0.019,0.301,0.042,0.004,,,
5880056,81.472,0.052,0.347,0.15,0.022,0.02,0.309,0.3,0.04,0.185,0.029,0.026,,,
5905907,78.508,0.065,0.049,0.164,0.035,0.028,0.126,0.037,0.093,0.107,0.018,0.07,-0.526,1.006,0.059
5937398,78.925,0.054,0.048,0.168,0.006,0.017,0.183,0.032,0.039,0.531,0.014,0.018,-0.041,1.028,0.06
5940068,74.711,0.03,0.018,0.133,0.017,0.01,0.355,0.028,0.047,0.37,0.023,0.034,0.025,1.095,0.064
5940587,73.213,0.013,0.013,0.167,0.01,0.008,0.082,0.016,0.015,0.62,0.006,0.009,-0.22,1.389,0.082
5951057,71.368,0.043,0.065,0.164,0.02,0.026,0.089,0.195,0.079,0.396,0.024,0.02,,,
5954815,80.01,0.905,0.982,0.135,0.02,0.014,0.24,0.049,0.087,0.49,0.012,0.014,0.192,1.347,0.077
5961985,97.249,0.018,0.069,0.162,0.0,0.007,0.138,0.028,0.01,0.495,0.001,0.024,0.213,1.582,0.093
5963287,87.483,0.065,0.054,0.155,0.002,0.019,0.256,0.038,0.04,0.0,0.0,0.0,,,
5967194,80.901,0.041,0.016,0.145,0.004,0.006,0.279,0.015,0.035,0.571,0.012,0.008,0.249,1.251,0.072
5976266,82.895,0.124,0.146,0.199,0.05,0.012,0.283,0.092,0.104,0.217,0.048,0.018,,,
6019408,81.964,0.033,0.035,0.154,0.004,0.013,0.008,0.037,0.03,0.272,0.019,0.007,-0.271,1.06,0.067
6021696,87.616,0.176,0.091,0.163,0.055,0.012,0.331,0.015,0.169,0.318,0.169,0.005,,,
6022709,75.815,0.02,0.007,0.136,0.008,0.009,0.105,0.013,0.032,0.359,0.008,0.015,,,
6025641,75.948,0.016,0.213,0.136,0.028,0.018,0.191,0.273,0.026,0.456,0.032,0.031,0.308,1.508,0.09
6033938,83.132,0.125,0.283,0.154,0.018,0.083,0.193,0.252,0.11,0.361,0.042,0.005,0.048,1.118,0.063
6058104,83.447,0.006,0.106,0.172,0.02,0.005,0.247,0.088,0.002,0.0,0.0,0.0,-0.296,1.2,0.074
6061867,76.639,0.01,0.158,0.142,0.012,0.027,0.049,0.223,0.015,0.426,0.035,0.033,-0.243,1.18,0.07
6104433,87.157,0.068,0.039,0.157,0.008,0.01,0.236,0.029,0.043,0.0,0.0,0.0,,,
6104786,83.941,0.202,0.103,0.163,0.029,0.021,0.184,0.074,0.167,0.235,0.055,0.026,-0.327,1.091,0.067
6114108,73.589,0.007,0.007,0.113,0.004,0.005,0.085,0.007,0.011,0.37,0.008,0.001,0.273,1.241,0.074
6116517,78.743,0.0,0.114,0.151,0.005,0.028,0.189,0.149,0.001,0.552,0.02,0.008,0.38,1.153,0.068
6117517,76.778,0.037,0.077,0.118,0.02,0.026,0.201,0.098,0.051,0.0,0.0,0.0,0.242,1.256,0.073
6117719,74.543,0.029,0.072,0.135,0.023,0.025,0.162,0.165,0.021,0.0,0.0,0.0,,,
6118670,78.285,0.006,0.111,0.138,0.014,0.008,0.197,0.128,0.006,0.324,0.019,0.013,-0.011,1.215,0.07
6119179,82.353,0.097,0.18,0.129,0.017,0.042,0.257,0.159,0.086,0.0,0.0,0.0,,,
6119774,74.817,0.161,0.054,0.139,0.02,0.039,0.085,0.198,0.052,0.316,0.013,0.335,-0.046,1.315,0.076
6126808,82.041,0.006,0.152,0.138,0.009,0.011,0.227,0.137,0.0,0.298,0.058,0.011,0.157,1.17,0.065
6144777,79.119,0.047,0.14,0.133,0.032,0.04,0.14,0.139,0.026,0.247,0.009,0.019,0.121,1.171,0.066
6185317,77.1,0.098,0.003,0.145,0.005,0.019,0.185,0.004,0.136,0.416,0.002,0.013,0.0,1.168,0.066
6188073,75.869,0.036,0.009,0.125,0.011,0.008,0.232,0.021,0.05,0.365,0.009,0.007,0.37,1.243,0.074
6196950,89.195,0.014,0.204,0.173,0.023,0.008,0.21,0.123,0.006,0.295,0.053,0.015,-0.177,1.136,0.06
6200178,76.177,0.013,0.077,0.132,0.011,0.009,-0.044,0.166,0.017,0.349,0.006,0.01,-0.211,1.706,0.106
6207510,73.362,0.002,0.057,0.108,0.007,0.014,0.247,0.091,0.015,0.0,0.0,0.0,0.284,1.325,0.077
6212708,67.882,0.039,0.034,0.138,0.008,0.057,-0.064,0.018,0.042,0.221,0.026,0.011,-0.336,1.634,0.101
6212838,73.306,0.032,0.023,0.125,0.019,0.004,0.043,0.043,0.048,0.323,0.031,0.038,-0.372,0.991,0.06
6222408,88.31,0.047,0.021,0.178,0.003,0.002,0.214,0.013,0.03,0.3,0.005,0.005,,,
6222530,86.107,0.292,0.003,0.161,0.002,0.028,-0.264,0.001,0.164,0.351,0.018,0.077,0.098,1.361,0.077
6223779,86.092,0.034,0.05,0.191,0.008,0.007,0.141,0.034,0.019,0.0,0.0,0.0,,,
6225344,77.089,0.01,0.021,0.108,0.012,0.025,0.248,0.018,0.002,0.0,0.0,0.0,0.05,1.091,0.064
6228590,80.707,0.102,0.126,0.147,0.014,0.017,0.228,0.072,0.106,0.3,0.058,0.061,-0.015,1.111,0.062
6231096,74.22,0.049,0.081,0.131,0.02,0.032,0.131,0.097,0.013,0.32,0.039,0.247,-0.116,1.342,0.079
6262579,74.926,0.016,0.013,0.136,0.014,0.023,0.184,0.01,0.019,0.303,0.013,0.01,0.279,1.277,0.076
6263718,79.283,0.019,0.263,0.14,0.013,0.021,0.357,0.313,0.021,0.282,0.031,0.029,,,
6263808,73.999,0.07,0.112,0.136,0.031,0.018,0.127,0.21,0.153,0.0,0.0,0.0,,,
6265768,86.076,0.189,0.007,0.167,0.001,0.028,0.219,0.0,0.141,0.324,0.014,0.028,,,
6271966,82.05,0.106,0.141,0.151,0.03,0.047,0.189,0.136,0.094,0.231,0.055,0.028,-0.111,1.155,0.064
6273090,73.647,0.093,0.326,0.115,0.008,0.038,0.194,0.24,0.052,0.371,0.091,0.146,0.14,1.861,0.115
6276645,73.903,0.043,0.005,0.126,0.005,0.019,0.142,0.003,0.068,0.439,0.007,0.023,-0.115,1.261,0.074
6280636,79.154,0.011,0.032,0.149,0.008,0.014,0.247,0.04,0.009,0.482,0.008,0.013,,,
6289002,78.712,0.03,0.033,0.15,0.01,0.013,0.233,0.041,0.035,0.339,0.014,0.018,-0.323,1.133,0.065
6304807,83.413,0.028,0.143,0.124,0.006,0.01,0.274,0.097,0.028,0.33,0.002,0.028,0.216,1.295,0.073
6311283,86.044,0.086,0.0,0.131,0.007,0.005,0.098,0.0,0.059,0.0,0.0,0.0,0.156,1.266,0.071
6341990,79.821,0.041,0.025,0.132,0.004,0.009,0.146,0.033,0.045,0.361,0.009,0.006,0.046,1.062,0.062
6350696,81.603,0.076,0.178,0.143,0.009,0.002,0.241,0.146,0.069,0.478,0.001,0.022,0.194,1.341,0.076
6352407,87.648,0.038,0.058,0.136,0.005,0.008,0.161,0.027,0.027,0.347,0.026,0.011,,,
6358695,75.522,0.014,0.23,0.127,0.009,0.05,0.114,0.359,0.017,0.489,0.043,0.035,0.167,1.249,0.074
6359454,80.686,0.06,0.068,0.168,0.038,0.02,0.136,0.072,0.052,0.0,0.0,0.0,-0.36,1.188,0.073
6360104,73.921,0.087,0.083,0.151,0.01,0.035,-0.06,0.161,0.165,0.42,0.027,0.027,-0.372,0.961,0.06
6369548,75.264,0.037,0.053,0.122,0.006,0.017,0.202,0.07,0.054,0.405,0.016,0.009,0.184,1.335,0.077
6380975,80.395,0.072,0.178,0.131,0.032,0.043,0.183,0.179,0.07,0.21,0.064,0.033,0.082,1.196,0.067
6391933,85.0,0.043,0.076,0.153,0.008,0.015,0.183,0.054,0.036,0.355,0.028,0.017,-0.146,1.012,0.056
6424157,73.831,0.039,0.114,0.118,0.02,0.027,0.124,0.179,0.073,0.0,0.0,0.0,0.02,1.287,0.073
6424320,76.4,0.017,0.013,0.169,0.02,0.007,0.247,0.018,0.027,0.323,0.013,0.008,,,
6424515,78.312,0.006,0.058,0.166,0.012,0.009,0.246,0.055,0.008,0.629,0.026,0.014,,,
6425377,81.165,0.048,0.136,0.139,0.011,0.036,0.173,0.115,0.034,0.36,0.018,0.055,,,
6431097,83.302,0.069,0.072,0.146,0.006,0.004,0.203,0.061,0.024,0.2,0.0,0.01,,,
6435623,91.742,0.115,0.08,0.19,0.006,0.088,0.16,0.034,0.086,0.308,0.015,0.192,,,
6435786,79.713,0.031,0.044,0.143,0.014,0.003,0.2,0.058,0.03,0.345,0.013,0.007,0.042,1.176,0.067
6437547,102.263,0.067,0.262,0.145,0.02,0.046,0.185,0.167,0.045,0.299,0.031,0.027,0.004,1.771,0.109
6441442,78.459,0.013,0.009,0.131,0.004,0.006,0.215,0.006,0.013,0.285,0.013,0.0,0.046,1.294,0.076
6448299,81.724,0.017,0.003,0.138,0.004,0.005,-0.05,0.0,0.009,0.0,0.0,0.0,,,
6450868,78.038,0.049,0.027,0.164,0.029,0.016,0.333,0.012,0.058,0.641,0.018,0.031,,,
6451273,90.006,0.003,0.033,0.156,0.002,0.004,0.275,0.015,0.001,0.465,0.004,0.008,,,
6469446,81.9,0.026,0.578,0.157,0.013,0.015,0.052,0.319,0.023,0.45,0.045,0.027,-0.2,1.01,0.056
6502598,80.367,0.055,0.035,0.142,0.01,0.012,0.253,0.023,0.066,0.288,0.01,0.011,,,
6504978,84.687,0.073,0.086,0.155,0.01,0.009,0.251,0.06,0.044,0.0,0.0,0.0,0.218,1.319,0.074
6507794,88.124,0.018,0.055,0.176,0.006,0.005,0.34,0.029,0.01,0.0,0.0,0.0,-0.216,0.984,0.054
6579495,73.429,0.018,0.027,0.162,0.008,0.03,0.367,0.026,0.025,0.357,0.017,0.01,-0.078,1.118,0.064
6584555,83.627,0.191,0.344,0.135,0.035,0.037,0.14,0.295,0.15,0.319,0.081,0.019,0.38,1.204,0.069
6592034,82.515,0.038,0.113,0.157,0.024,0.013,0.217,0.123,0.035,0.0,0.0,0.0,-0.233,0.996,0.056
6612102,81.209,0.007,0.219,0.142,0.027,0.029,0.126,0.234,0.005,0.187,0.029,0.027,0.083,1.091,0.061
6620586,68.258,0.018,0.244,0.118,0.028,0.08,0.47,0.261,0.03,0.144,0.043,0.11,,,
6633766,73.367,0.111,0.135,0.094,0.016,0.043,0.177,0.139,0.143,0.101,0.022,0.052,,,
6665058,77.643,0.031,0.022,0.147,0.007,0.021,0.181,0.029,0.055,0.501,0.008,0.01,-0.139,1.008,0.06
6678433,74.947,0.037,0.085,0.124,0.024,0.018,0.212,0.143,0.023,0.392,0.027,0.064,-0.133,1.592,0.096
6680023,83.958,0.275,0.514,0.135,0.007,0.087,0.317,0.34,0.184,0.268,0.076,0.356,,,
6689517,88.897,0.039,0.13,0.163,0.004,0.004,0.133,0.077,0.023,0.34,0.004,0.014,0.111,1.062,0.059
6690139,66.145,0.011,0.074,0.087,0.012,0.028,0.278,0.104,0.002,0.139,0.025,0.026,-0.263,1.528,0.091
6690894,84.899,0.136,0.104,0.152,0.032,0.013,0.123,0.082,0.08,0.247,0.082,0.03,,,
6720334,84.584,0.251,0.319,0.168,0.023,0.111,0.128,0.203,0.158,0.0,0.0,0.0,-0.191,1.385,0.078
6751562,84.451,0.031,0.025,0.138,0.019,0.01,0.251,0.016,0.023,0.305,0.027,0.018,,,
6752116,73.66,0.025,0.169,0.103,0.007,0.056,0.387,0.295,0.083,0.0,0.0,0.0,-0.129,1.071,0.063
6756156,83.697,0.016,0.038,0.164,0.003,0.014,0.146,0.023,0.018,0.345,0.009,0.014,,,
6762465,75.955,0.025,0.014,0.151,0.012,0.012,-0.004,0.015,0.038,0.319,0.024,0.023,,,
6764685,75.76,0.008,0.036,0.126,0.006,0.013,0.236,0.04,0.015,0.371,0.01,0.008,0.226,1.356,0.08
6767165,72.829,0.086,0.072,0.12,0.028,0.021,0.132,0.043,0.126,0.419,0.045,0.039,,,
6774693,73.039,0.044,0.015,0.121,0.012,0.018,0.261,0.012,0.023,0.268,0.045,0.012,0.032,1.312,0.077
6776349,78.833,0.002,0.069,0.167,0.004,0.009,0.02,0.008,0.095,0.239,0.0,0.212,,,
6776396,78.947,0.135,0.018,0.138,0.03,0.01,0.181,0.009,0.145,0.294,0.019,0.038,-0.108,1.244,0.07
6779699,74.465,0.023,0.018,0.118,0.002,0.02,0.25,0.039,0.023,0.341,0.01,0.007,0.317,1.196,0.072
6785068,71.763,0.013,0.016,0.122,0.008,0.013,0.23,0.011,0.017,0.91,0.024,0.016,,,
6793808,75.088,0.073,0.201,0.119,0.003,0.025,0.335,0.358,0.138,0.0,0.0,0.0,,,
6837573,79.423,0.175,0.01,0.15,0.005,0.115,0.262,0.007,0.135,0.214,0.009,0.016,-0.228,1.173,0.066
6841793,84.041,0.005,0.237,0.132,0.002,0.056,0.281,0.169,0.004,0.289,0.044,0.007,0.334,1.258,0.071
6847876,78.198,0.061,0.088,0.153,0.033,0.025,-0.1,0.088,0.11,0.0,0.0,0.0,,,
6853977,70.961,0.062,0.033,0.108,0.043,0.117,-0.353,0.114,0.033,0.464,0.042,0.02,,,
6859803,81.967,0.022,0.049,0.153,0.009,0.009,0.259,0.045,0.017,0.577,0.028,0.012,-0.245,1.27,0.073
6860649,76.163,0.067,0.017,0.16,0.01,0.009,0.159,0.025,0.091,0.582,0.011,0.007,0.185,1.168,0.067
6863899,75.907,0.008,0.036,0.162,0.016,0.008,0.317,0.052,0.007,0.371,0.006,0.027,-0.152,1.096,0.064
6868144,73.532,0.018,0.008,0.138,0.009,0.003,0.391,0.018,0.021,0.356,0.01,0.004,,,
6875474,75.015,0.017,0.009,0.143,0.01,0.006,0.169,0.018,0.019,0.34,0.006,0.007,-0.451,0.946,0.058
6876162,66.86,0.036,0.114,0.126,0.014,0.037,-0.2,0.3,0.078,0.32,0.023,0.013,0.082,1.659,0.103
6879830,85.152,0.018,0.075,0.15,0.004,0.003,0.229,0.06,0.007,0.464,0.007,0.017,0.03,1.163,0.064
6924105,74.563,0.162,0.047,0.236,0.037,0.038,0.091,0.093,0.259,0.501,0.037,0.015,-1.141,0.975,0.055
6925109,86.641,0.008,0.076,0.196,0.02,0.003,0.261,0.055,0.004,0.297,0.008,0.027,-0.497,0.933,0.054
6925158,70.667,0.031,0.01,0.124,0.009,0.015,-0.366,0.009,0.05,0.388,0.002,0.013,0.111,1.614,0.098
6928997,77.106,0.069,0.085,0.123,0.017,0.045,0.137,0.097,0.094,0.0,0.0,0.0,0.193,1.459,0.086
6937017,70.729,0.043,0.012,0.109,0.013,0.022,0.059,0.04,0.058,0.331,0.015,0.02,-0.183,1.785,0.111
6947706,73.354,0.14,0.009,0.131,0.021,0.047,-0.14,0.01,0.243,0.0,0.0,0.0,-0.354,1.266,0.074
6951121,83.267,0.044,0.012,0.144,0.006,0.006,0.199,0.005,0.036,0.0,0.0,0.0,,,
7009245,75.061,0.019,0.011,0.137,0.009,0.012,0.183,0.011,0.028,0.3,0.009,0.008,-0.266,1.253,0.073
7014126,81.624,0.231,0.224,0.169,0.023,0.033,0.192,0.238,0.114,0.268,0.015,0.275,,,
7018212,82.722,0.135,0.141,0.14,0.009,0.011,0.213,0.254,0.007,0.374,0.014,0.018,,,
7018515,76.896,0.008,0.189,0.111,0.02,0.041,0.32,0.265,0.009,0.0,0.0,0.0,0.218,1.11,0.065
7025935,72.847,0.02,0.14,0.095,0.026,0.023,0.161,0.271,0.032,0.0,0.0,0.0,,,
7033225,86.17,0.052,0.269,0.153,0.024,0.053,0.237,0.16,0.033,0.227,0.042,0.111,,,
7041245,76.119,0.033,0.086,0.138,0.013,0.032,0.141,0.125,0.019,0.387,0.031,0.02,0.02,1.235,0.071
7042040,77.663,0.2,0.066,0.12,0.01,0.181,0.048,0.081,0.132,0.342,0.056,0.019,0.136,1.366,0.078
7049771,80.241,0.017,0.051,0.133,0.009,0.004,0.189,0.046,0.017,0.39,0.01,0.009,0.165,1.45,0.085
7060732,77.73,0.024,0.126,0.123,0.007,0.013,0.187,0.159,0.026,0.327,0.01,0.017,,,
7090867,74.72,0.069,0.012,0.177,0.06,0.034,0.17,0.023,0.096,0.574,0.081,0.001,,,
7092127,77.739,0.091,0.032,0.128,0.025,0.017,-0.403,0.057,0.12,0.0,0.0,0.0,0.24,1.168,0.069
7107419,77.681,0.063,0.072,0.172,0.015,0.027,0.214,0.1,0.087,0.569,0.028,0.012,,,
7108511,89.478,0.008,0.085,0.167,0.008,0.005,0.322,0.048,0.004,0.536,0.01,0.013,,,
7118457,80.019,0.01,0.019,0.121,0.004,0.007,0.2,0.016,0.012,0.323,0.008,0.018,,,
7128663,86.513,0.015,0.057,0.138,0.01,0.0,0.075,0.072,0.015,0.291,0.002,0.005,0.122,1.788,0.111
7131794,78.077,0.056,0.069,0.128,0.01,0.016,0.029,0.098,0.076,0.34,0.005,0.011,,,
7136854,75.95,0.014,0.065,0.125,0.013,0.007,0.142,0.117,0.007,0.343,0.01,0.013,,,
7178170,74.193,0.003,0.024,0.138,0.003,0.007,-0.054,0.043,0.0,0.393,0.001,0.017,-0.467,0.952,0.058
7186744,76.618,0.073,0.019,0.155,0.016,0.008,0.064,0.029,0.102,0.425,0.014,0.009,,,
7188662,73.966,0.032,0.224,0.112,0.003,0.06,0.176,0.071,0.25,0.121,0.034,0.021,-0.006,1.383,0.081
7189418,77.839,0.042,0.05,0.142,0.011,0.013,0.283,0.065,0.062,0.358,0.009,0.008,0.063,1.092,0.061
7198587,81.261,0.061,0.021,0.132,0.003,0.013,0.244,0.012,0.058,0.337,0.019,0.011,0.15,1.315,0.072
7207127,84.054,0.022,0.102,0.131,0.006,0.008,0.274,0.072,0.018,0.172,0.01,0.009,,,
7217530,86.529,0.006,0.02,0.155,0.005,0.003,0.229,0.013,0.006,0.335,0.006,0.006,,,
7218915,76.11,0.015,0.082,0.133,0.0,0.026,0.048,0.127,0.037,0.254,0.03,0.0,-0.283,1.278,0.075
7257175,72.973,0.017,0.047,0.162,0.024,0.028,0.032,0.071,0.042,0.388,0.021,0.022,,,
7258188,84.737,0.011,0.042,0.169,0.004,0.009,0.339,0.028,0.008,0.0,0.0,0.0,,,
7265189,72.58,0.023,0.02,0.162,0.009,0.012,0.075,0.027,0.031,0.347,0.024,0.02,-0.892,1.001,0.055
7270385,75.608,0.109,0.087,0.16,0.02,0.023,0.154,0.098,0.145,0.429,0.038,0.034,-0.33,1.257,0.074
7283405,69.52,0.024,0.003,0.109,0.009,0.006,-0.168,0.008,0.067,0.106,0.003,0.002,-0.055,1.802,0.113
7288938,73.049,0.102,0.011,0.187,0.034,0.004,-0.226,0.016,0.084,0.632,0.068,0.017,,,
7292720,84.654,0.114,0.019,0.156,0.025,0.012,0.257,0.011,0.082,0.322,0.048,0.026,,,
7295725,74.31,0.015,0.029,0.129,0.02,0.021,0.244,0.04,0.03,0.381,0.012,0.017,-0.012,1.62,0.096
7302117,85.479,0.009,0.021,0.169,0.007,0.003,0.135,0.009,0.008,0.463,0.018,0.011,-0.097,1.548,0.088
7348314,72.509,0.043,0.018,0.109,0.012,0.035,0.27,0.03,0.05,0.276,0.035,0.022,0.037,1.208,0.071
7348956,84.405,0.131,0.111,0.176,0.016,0.01,-0.067,0.086,0.101,0.306,0.016,0.024,,,
7350897,77.841,0.042,0.123,0.162,0.013,0.017,0.194,0.168,0.028,0.573,0.02,0.017,-0.359,1.272,0.072
7376659,77.649,0.097,0.019,0.135,0.017,0.022,0.11,0.008,0.115,0.347,0.076,0.034,-0.063,1.093,0.063
7377547,89.237,0.028,0.06,0.137,0.005,0.025,0.203,0.028,0.022,0.332,0.039,0.02,,,
7387808,75.008,0.015,0.011,0.11,0.003,0.002,0.28,0.016,0.018,0.339,0.004,0.002,,,
7430666,78.614,0.016,0.072,0.142,0.01,0.015,0.207,0.1,0.012,0.388,0.013,0.016,,,
7439931,85.29,0.174,0.109,0.16,0.015,0.018,0.218,0.059,0.096,0.235,0.059,0.063,-0.078,1.521,0.086
7446296,69.098,0.034,0.008,0.157,0.015,0.016,0.095,0.037,0.079,0.386,0.009,0.006,-0.387,1.263,0.076
7450230,89.198,0.056,0.604,0.161,0.025,0.037,0.299,0.275,0.004,0.331,0.113,0.361,-0.118,1.018,0.056
7468295,87.67,0.162,0.068,0.163,0.008,0.069,0.043,0.016,0.125,0.347,0.084,0.013,,,
7468893,84.048,0.31,0.009,0.129,0.018,0.028,0.077,0.048,0.119,0.313,0.047,0.036,-0.055,1.744,0.107
7501656,85.075,0.119,0.082,0.167,0.006,0.021,0.227,0.073,0.064,0.318,0.014,0.019,-0.139,1.124,0.061
7501667,84.89,0.012,0.232,0.152,0.019,0.031,0.281,0.173,0.005,0.496,0.033,0.054,0.229,1.059,0.059
7502128,79.905,0.072,0.014,0.132,0.008,0.01,0.269,0.017,0.08,0.326,0.017,0.013,,,
7502157,67.731,0.027,0.005,0.091,0.005,0.01,0.0,0.003,0.088,0.0,0.0,0.0,-0.189,1.365,0.082
7504619,89.956,0.047,0.027,0.192,0.022,0.003,0.313,0.008,0.034,0.302,0.013,0.028,0.01,1.141,0.063
7509923,80.829,0.017,0.008,0.134,0.003,0.008,0.466,0.004,0.013,0.394,0.017,0.01,,,
7510539,82.608,0.018,0.316,0.153,0.005,0.126,0.289,0.196,0.009,0.363,0.018,0.004,,,
7516156,81.378,0.018,0.13,0.174,0.029,0.004,0.299,0.098,0.031,0.93,0.041,0.029,-0.193,1.469,0.085
7518143,78.525,0.05,0.058,0.125,0.018,0.013,0.259,0.046,0.06,0.166,0.016,0.03,0.156,1.337,0.076
7518352,71.016,0.058,0.02,0.132,0.031,0.037,0.089,0.064,0.129,0.0,0.0,0.0,-0.534,1.179,0.07
7529215,72.611,0.015,0.097,0.132,0.021,0.028,-0.024,0.188,0.026,0.205,0.023,0.014,-0.242,1.236,0.073
7530088,81.943,0.088,0.01,0.151,0.011,0.003,0.23,0.006,0.083,0.332,0.004,0.01,,,
7533995,77.367,0.055,0.111,0.126,0.021,0.046,0.246,0.125,0.104,0.0,0.0,0.0,0.073,1.089,0.065
7538899,77.58,0.161,0.077,0.134,0.021,0.026,0.125,0.02,0.102,0.321,0.074,0.028,,,
7546098,82.737,0.006,0.151,0.157,0.006,0.14,0.226,0.142,0.01,0.332,0.079,0.02,-0.174,1.112,0.061
7581822,83.875,0.019,0.229,0.144,0.009,0.02,0.21,0.201,0.018,0.442,0.024,0.009,0.174,1.08,0.06
7584122,91.331,0.221,0.049,0.186,0.006,0.008,0.181,0.02,0.1,0.464,0.019,0.045,-0.117,1.188,0.067
7591451,75.488,0.042,0.072,0.124,0.017,0.021,0.265,0.104,0.051,0.0,0.0,0.0,-0.051,1.088,0.064
7609801,77.286,0.091,0.092,0.141,0.033,0.024,0.06,0.08,0.129,0.0,0.0,0.0,,,
7611069,79.153,0.124,0.062,0.136,0.054,0.048,0.34,0.05,0.114,0.22,0.075,0.058,0.037,1.296,0.074
7612755,73.07,0.018,0.07,0.116,0.024,0.033,0.096,0.133,0.039,0.0,0.0,0.0,-0.157,1.274,0.074
7617028,83.823,0.017,0.024,0.141,0.021,0.02,0.349,0.039,0.033,0.276,0.011,0.023,,,
7617912,89.749,0.32,0.079,0.18,0.038,0.0,0.309,0.035,0.166,0.502,0.101,0.014,,,
7619745,78.964,0.063,0.152,0.14,0.021,0.05,0.188,0.094,0.076,0.381,0.037,0.067,-0.084,1.44,0.082
7619946,84.345,0.039,0.065,0.155,0.015,0.006,0.213,0.049,0.04,0.342,0.01,0.016,-0.069,1.027,0.056
7621561,77.349,0.113,0.026,0.13,0.053,0.049,0.172,0.011,0.11,0.274,0.03,0.018,0.252,1.176,0.069
7621593,75.326,0.017,0.023,0.154,0.011,0.008,0.204,0.039,0.016,0.628,0.005,0.013,-0.139,1.381,0.083
7624334,72.04,0.028,0.036,0.144,0.016,0.016,0.139,0.061,0.022,0.366,0.022,0.016,,,
7629559,73.595,0.009,0.021,0.166,0.018,0.002,0.079,0.044,0.008,0.486,0.012,0.005,0.388,1.334,0.079
7630302,79.94,0.227,0.087,0.137,0.012,0.018,0.235,0.09,0.155,0.31,0.06,0.035,-0.099,1.184,0.066
7630743,85.148,0.009,0.241,0.141,0.016,0.031,0.254,0.192,0.012,0.0,0.0,0.0,0.008,0.998,0.054
7661080,82.929,0.053,0.094,0.137,0.012,0.016,0.184,0.08,0.051,0.366,0.025,0.026,,,
7661600,81.908,0.04,0.208,0.139,0.031,0.032,0.098,0.159,0.036,0.361,0.047,0.037,,,
7674224,77.138,0.033,0.018,0.121,0.01,0.011,0.163,0.014,0.049,0.371,0.014,0.013,0.177,1.304,0.075
7685657,74.025,0.019,0.069,0.147,0.038,0.014,0.222,0.126,0.04,0.423,0.024,0.007,,,
7690739,74.843,0.01,0.043,0.132,0.004,0.037,0.122,0.087,0.01,0.509,0.043,0.047,,,
7691952,70.861,0.027,0.036,0.147,0.021,0.018,-0.381,0.087,0.022,0.25,0.017,0.013,-0.263,1.269,0.074
7696229,67.527,0.036,0.053,0.085,0.007,0.042,0.257,0.195,0.008,0.0,0.0,0.0,-0.227,1.599,0.099
7696976,86.773,0.278,0.764,0.189,0.045,0.059,0.325,0.489,0.194,0.169,0.057,0.111,,,
7697633,84.717,0.051,0.141,0.165,0.068,0.011,0.077,0.093,0.02,0.299,0.031,0.044,,,
7698688,71.121,0.044,0.039,0.13,0.015,0.013,0.25,0.017,0.075,0.244,0.045,0.028,-0.207,1.249,0.074
7728741,79.642,0.012,0.028,0.154,0.009,0.008,0.201,0.029,0.009,0.502,0.008,0.016,,,
7728958,75.796,0.027,0.157,0.147,0.009,0.027,0.164,0.242,0.07,0.395,0.017,0.01,-0.302,0.989,0.061
7730215,75.699,0.017,0.022,0.13,0.01,0.008,0.275,0.028,0.034,0.207,0.01,0.01,-0.163,1.211,0.07
7733106,79.7,0.287,0.022,0.129,0.02,0.017,-0.227,0.02,0.239,0.198,0.027,0.026,-0.021,1.37,0.078
7750189,82.646,0.065,0.128,0.153,0.012,0.016,0.233,0.138,0.049,0.334,0.03,0.032,,,
7761336,86.55,0.026,0.123,0.162,0.022,0.028,0.314,0.095,0.008,0.27,0.047,0.027,-0.326,1.051,0.075
7762104,83.504,0.059,0.182,0.136,0.009,0.008,0.229,0.085,0.006,0.314,0.043,0.054,0.129,1.418,0.082
7765258,74.913,0.201,0.008,0.104,0.01,0.045,0.04,0.003,0.287,0.163,0.038,0.016,,,
7769544,90.223,0.237,0.017,0.172,0.008,0.022,0.145,0.01,0.13,0.27,0.017,0.048,-0.249,1.226,0.071
7771045,81.482,0.096,0.032,0.141,0.009,0.024,0.342,0.021,0.081,0.64,0.044,0.027,-0.041,1.405,0.082
7777395,84.721,0.02,0.049,0.181,0.02,0.006,0.195,0.032,0.007,0.47,0.029,0.027,,,
7778197,65.581,0.05,0.003,0.094,0.011,0.01,-0.455,0.007,0.083,0.0,0.0,0.0,,,
7798570,71.758,0.042,0.062,0.175,0.037,0.026,-0.026,0.139,0.017,0.281,0.01,0.013,-0.03,1.067,0.064
7799904,72.686,0.007,0.057,0.159,0.021,0.01,0.156,0.114,0.003,0.363,0.018,0.019,-0.582,0.903,0.055
7809050,74.686,0.059,0.132,0.126,0.019,0.028,0.11,0.182,0.091,0.374,0.038,0.045,-0.235,1.498,0.09
7810876,80.538,0.024,0.247,0.131,0.028,0.011,0.123,0.211,0.019,0.385,0.015,0.078,,,
7815838,80.58,0.161,0.179,0.131,0.042,0.047,-0.005,0.072,0.176,0.349,0.182,0.025,,,
7818152,69.641,0.026,0.001,0.132,0.009,0.002,0.048,0.002,0.055,0.432,0.001,0.009,-0.046,1.379,0.081
7821385,69.672,0.079,0.07,0.127,0.022,0.027,0.08,0.104,0.189,0.0,0.0,0.0,,,
7836711,74.476,0.01,0.014,0.143,0.007,0.009,0.008,0.018,0.007,0.283,0.006,0.007,-0.504,0.957,0.057
7849791,73.498,0.145,0.025,0.116,0.032,0.051,-0.025,0.038,0.286,0.223,0.02,0.021,0.128,1.145,0.068
7869863,77.125,0.049,0.023,0.148,0.018,0.01,0.076,0.035,0.063,0.329,0.017,0.024,,,
7870694,80.801,0.044,0.082,0.12,0.011,0.057,0.183,0.09,0.026,0.388,0.049,0.049,,,
7872097,75.18,0.008,0.101,0.122,0.01,0.012,0.208,0.137,0.019,0.15,0.01,0.006,,,
7878388,75.976,0.044,0.024,0.156,0.027,0.017,0.221,0.043,0.04,0.475,0.033,0.026,0.06,1.174,0.068
7880417,85.722,0.022,0.081,0.141,0.005,0.005,0.262,0.058,0.014,0.335,0.018,0.007,0.338,1.141,0.064
7884986,76.585,0.017,0.088,0.125,0.006,0.018,0.117,0.14,0.016,0.378,0.027,0.009,,,
7888957,78.748,0.09,0.21,0.129,0.043,0.025,0.194,0.143,0.226,0.0,0.0,0.0,,,
7937449,79.338,0.002,0.123,0.15,0.016,0.007,0.189,0.142,0.005,0.478,0.012,0.018,0.059,1.187,0.067
7941429,89.223,0.025,0.222,0.18,0.002,0.0,0.188,0.081,0.004,0.208,0.008,0.004,-0.506,1.097,0.056
7955078,75.4,0.02,0.225,0.123,0.025,0.034,0.227,0.397,0.109,0.0,0.0,0.0,,,
7955597,80.905,0.007,0.389,0.131,0.017,0.117,0.342,0.315,0.007,0.286,0.058,0.04,,,
7957918,68.89,0.01,0.116,0.111,0.025,0.01,0.43,0.231,0.016,0.212,0.036,0.017,-0.086,1.463,0.087
7969053,78.921,0.019,0.029,0.143,0.008,0.012,0.133,0.046,0.012,0.352,0.018,0.013,,,
7983015,81.127,0.087,0.141,0.132,0.018,0.077,0.064,0.088,0.063,0.0,0.0,0.0,0.252,1.084,0.063
7983431,78.135,0.006,0.105,0.142,0.016,0.02,0.239,0.151,0.0,0.31,0.018,0.035,-0.188,0.979,0.059
7985382,69.872,0.033,0.082,0.108,0.023,0.04,0.048,0.182,0.089,0.0,0.0,0.0,0.021,1.537,0.092
8004637,73.249,0.026,0.128,0.128,0.031,0.014,0.126,0.237,0.061,0.379,0.036,0.021,0.039,1.162,0.068
8004863,72.13,0.061,0.115,0.111,0.015,0.041,0.132,0.224,0.114,0.0,0.0,0.0,-0.189,1.457,0.086
8007218,84.724,0.021,0.131,0.155,0.008,0.016,0.269,0.11,0.013,0.279,0.034,0.032,0.02,1.129,0.062
8009740,80.122,0.013,0.04,0.12,0.023,0.012,-0.368,0.015,0.027,0.284,0.021,0.023,,,
8009745,84.403,0.18,0.096,0.146,0.096,0.104,0.139,0.009,0.061,0.251,0.06,0.032,,,
8016650,77.083,0.063,0.092,0.11,0.021,0.034,0.172,0.135,0.086,0.0,0.0,0.0,,,
8017348,81.872,0.051,0.001,0.142,0.006,0.005,0.268,0.0,0.04,0.293,0.011,0.01,,,
8017898,70.779,0.001,0.015,0.129,0.008,0.021,-0.114,0.051,0.007,0.331,0.009,0.005,-0.094,1.233,0.073
8025991,72.74,0.014,0.139,0.206,0.007,0.015,0.124,0.315,0.027,0.705,0.016,0.003,,,
8026963,71.684,0.008,0.111,0.105,0.004,0.111,0.171,0.132,0.014,0.153,0.045,0.003,-0.129,1.581,0.094
8040267,86.66,0.049,0.015,0.153,0.005,0.007,0.295,0.006,0.036,0.266,0.012,0.008,-0.021,1.117,0.061
8043596,77.838,0.021,0.093,0.147,0.015,0.016,0.189,0.123,0.02,0.428,0.032,0.073,-0.464,0.969,0.058
8053949,70.638,0.835,0.884,0.134,0.149,0.17,-0.199,0.028,0.071,0.493,0.05,0.079,-0.048,1.6,0.097
8054055,76.253,0.075,0.034,0.128,0.018,0.021,0.264,0.028,0.069,0.362,0.016,0.077,0.076,1.283,0.075
8055108,65.145,0.027,0.099,0.092,0.015,0.034,0.262,0.129,0.032,0.148,0.039,0.014,-0.193,1.889,0.122
8058062,79.658,0.339,0.12,0.153,0.018,0.013,0.087,0.157,0.357,0.334,0.037,0.029,-0.318,1.189,0.079
8073887,84.18,0.051,0.036,0.151,0.013,0.011,0.28,0.022,0.039,0.458,0.029,0.02,0.194,1.217,0.068
8077790,79.038,0.127,0.184,0.137,0.02,0.026,0.19,0.132,0.126,0.415,0.041,0.067,0.025,1.241,0.069
8081497,75.6,0.026,0.13,0.163,0.014,0.017,0.161,0.225,0.045,0.541,0.014,0.014,,,
8086682,72.203,0.032,0.013,0.101,0.06,0.084,0.106,0.037,0.062,0.533,0.011,0.007,,,
8087067,74.407,0.086,0.012,0.123,0.021,0.022,0.144,0.022,0.141,0.367,0.069,0.014,-0.006,1.253,0.073
8098454,89.047,0.137,0.055,0.159,0.012,0.051,0.15,0.045,0.042,0.306,0.05,0.028,0.27,1.174,0.066
8098608,78.486,0.035,0.028,0.142,0.011,0.015,0.232,0.049,0.022,0.528,0.015,0.044,-0.013,1.201,0.067
8099364,88.629,0.197,0.057,0.178,0.016,0.005,0.289,0.035,0.121,0.492,0.059,0.0,,,
8110809,86.146,0.02,0.042,0.186,0.009,0.003,0.242,0.031,0.014,0.302,0.007,0.01,,,
8111555,77.364,0.012,0.045,0.158,0.012,0.029,0.287,0.031,0.029,0.681,0.017,0.033,,,
8115488,81.549,0.154,0.083,0.15,0.016,0.011,0.228,0.031,0.144,0.383,0.015,0.02,-0.065,1.189,0.068
8123432,76.898,0.022,0.36,0.123,0.014,0.041,0.226,0.402,0.013,0.0,0.0,0.0,0.127,1.319,0.075
8127707,89.47,0.07,0.003,0.165,0.007,0.003,0.174,0.003,0.038,0.314,0.017,0.014,0.15,1.185,0.065
8142438,74.001,0.005,0.021,0.157,0.003,0.006,0.047,0.043,0.0,0.389,0.005,0.002,-0.075,1.268,0.073
8144467,79.492,0.085,0.19,0.134,0.037,0.042,0.225,0.198,0.101,0.0,0.0,0.0,-0.012,1.156,0.065
8144802,71.508,0.014,0.077,0.164,0.031,0.025,0.327,0.156,0.043,0.332,0.041,0.028,,,
8154682,76.197,0.034,0.012,0.133,0.01,0.01,0.311,0.015,0.049,0.351,0.008,0.006,,,
8154693,78.652,0.054,0.023,0.149,0.007,0.016,0.176,0.02,0.053,0.377,0.013,0.029,-0.219,1.288,0.075
8155782,79.509,0.039,0.126,0.163,0.027,0.017,-0.023,0.17,0.02,0.0,0.0,0.0,,,
8158382,74.519,0.01,0.023,0.103,0.009,0.024,0.173,0.047,0.01,0.34,0.011,0.012,0.133,1.136,0.066
8161789,77.096,0.033,0.082,0.139,0.021,0.021,0.175,0.091,0.035,0.56,0.032,0.055,,,
8162712,70.601,0.047,0.016,0.165,0.013,0.042,-0.482,0.018,0.038,0.344,0.016,0.025,,,
8172679,79.926,0.01,0.207,0.15,0.025,0.012,0.128,0.111,0.044,0.416,0.019,0.015,-0.225,1.289,0.074
8173581,73.43,0.041,0.141,0.125,0.026,0.029,0.238,0.238,0.055,0.0,0.0,0.0,0.125,1.366,0.079
8175678,69.22,0.008,0.004,0.169,0.0,0.006,-0.049,0.003,0.016,0.284,0.005,0.002,-0.34,1.232,0.074
8176259,71.696,0.089,0.016,0.125,0.019,0.013,0.243,0.034,0.061,0.296,0.005,0.074,-0.141,1.113,0.066
8181816,73.917,0.012,0.061,0.141,0.012,0.028,-0.131,0.091,0.028,0.322,0.024,0.014,,,
8188772,86.765,0.022,0.061,0.184,0.006,0.15,0.294,0.104,0.008,0.342,0.048,0.013,-0.066,1.655,0.1
8192892,77.284,0.135,0.037,0.135,0.017,0.037,0.126,0.045,0.132,0.0,0.0,0.0,-0.273,1.201,0.07
8210306,71.348,0.115,0.02,0.119,0.024,0.036,-0.438,0.062,0.23,0.0,0.0,0.0,-0.17,1.159,0.07
8214394,82.195,0.008,0.008,0.142,0.002,0.006,0.222,0.0,0.006,0.393,0.014,0.002,0.123,1.273,0.071
8221785,72.153,0.018,0.108,0.13,0.006,0.018,-0.075,0.256,0.033,0.326,0.012,0.012,,,
8235144,81.271,0.009,0.186,0.139,0.009,0.007,0.285,0.176,0.008,0.345,0.011,0.021,0.243,1.197,0.067
8235991,77.354,0.014,0.11,0.151,0.013,0.007,0.046,0.153,0.042,0.371,0.011,0.01,,,
8250069,87.152,0.015,0.031,0.166,0.008,0.018,0.337,0.036,0.049,0.0,0.0,0.0,,,
8262338,86.946,0.126,0.286,0.151,0.066,0.049,0.21,0.053,0.088,0.0,0.0,0.0,0.162,1.273,0.073
8264074,84.798,0.033,0.194,0.143,0.022,0.013,0.232,0.161,0.037,0.051,0.021,0.025,0.152,1.114,0.063
8283356,78.464,0.038,0.085,0.146,0.016,0.017,0.243,0.072,0.062,0.561,0.025,0.02,0.095,1.223,0.07
8299489,78.005,0.018,0.128,0.137,0.01,0.046,0.219,0.14,0.013,0.418,0.076,0.061,-0.147,1.24,0.072
8301905,80.212,0.039,0.162,0.151,0.024,0.026,0.066,0.114,0.06,0.311,0.261,0.004,-0.361,1.122,0.066
8307791,76.779,0.004,0.025,0.145,0.007,0.008,0.146,0.026,0.013,0.386,0.006,0.005,,,
8308639,76.44,0.252,0.202,0.14,0.027,0.009,-0.222,0.322,0.375,0.35,0.009,0.015,,,
8309466,84.372,0.132,0.095,0.148,0.003,0.01,0.208,0.079,0.103,0.484,0.009,0.016,,,
8312512,74.519,0.012,0.114,0.139,0.021,0.021,0.174,0.18,0.011,0.37,0.031,0.024,-0.217,1.16,0.071
8315560,88.589,0.012,0.18,0.173,0.045,0.01,0.105,0.239,0.019,0.307,0.017,0.025,,,
8315796,73.913,0.014,0.01,0.12,0.006,0.017,0.215,0.007,0.007,0.415,0.025,0.017,0.03,1.265,0.074
8316412,75.573,0.004,0.136,0.133,0.004,0.027,0.136,0.202,0.003,0.436,0.025,0.005,0.105,1.21,0.071
8323295,77.984,0.158,0.032,0.124,0.009,0.128,0.12,0.033,0.165,0.285,0.158,0.001,0.209,1.235,0.071
8328390,72.708,0.046,0.055,0.116,0.018,0.035,0.046,0.087,0.119,0.0,0.0,0.0,0.155,1.225,0.073
8330073,75.902,0.007,0.138,0.175,0.024,0.007,0.086,0.209,0.008,0.439,0.011,0.038,-0.512,0.963,0.058
8344592,81.575,0.212,0.018,0.154,0.016,0.016,0.326,0.034,0.077,0.293,0.004,0.28,,,
8345515,77.571,0.025,0.017,0.146,0.006,0.016,0.233,0.021,0.042,0.374,0.01,0.008,,,
8358990,74.691,0.038,0.007,0.123,0.004,0.01,0.216,0.005,0.078,0.404,0.02,0.009,,,
8360297,73.919,0.065,0.055,0.137,0.035,0.015,0.012,0.088,0.118,0.0,0.0,0.0,-0.386,0.951,0.058
8364786,65.315,0.019,0.04,0.122,0.03,0.04,-0.223,0.155,0.015,0.0,0.0,0.0,-0.278,1.814,0.116
8366239,88.04,0.017,0.023,0.146,0.002,0.005,0.141,0.017,0.01,0.264,0.016,0.0,-0.101,1.567,0.092
8374394,76.534,0.014,0.072,0.145,0.007,0.029,0.1,0.116,0.034,0.388,0.013,0.014,,,
8377962,76.888,0.038,0.024,0.127,0.006,0.009,0.159,0.023,0.047,0.555,0.025,0.017,,,
8381622,77.679,0.019,0.218,0.149,0.015,0.019,0.287,0.244,0.032,0.268,0.044,0.019,,,
8387668,90.963,0.028,0.02,0.163,0.001,0.004,0.215,0.01,0.013,0.0,0.0,0.0,,,
8391545,80.468,0.005,0.281,0.137,0.001,0.05,0.207,0.272,0.0,0.0,0.0,0.0,-0.103,1.209,0.069
8418309,77.413,0.037,0.109,0.139,0.006,0.014,0.228,0.139,0.057,0.442,0.021,0.007,-0.146,1.162,0.066
8420954,72.373,0.021,0.027,0.158,0.015,0.011,0.347,0.038,0.013,0.404,0.014,0.018,,,
8423708,79.464,0.053,0.19,0.134,0.02,0.033,-0.015,0.173,0.053,0.33,0.036,0.023,0.124,1.286,0.073
8425211,82.492,0.022,0.144,0.134,0.013,0.017,0.237,0.109,0.015,0.0,0.0,0.0,,,
8426672,84.273,0.027,0.221,0.163,0.013,0.011,0.104,0.155,0.021,0.475,0.024,0.019,-0.11,1.393,0.079
8429977,76.986,0.037,0.11,0.115,0.007,0.03,0.188,0.127,0.046,0.0,0.0,0.0,,,
8431083,79.477,0.157,0.089,0.139,0.044,0.053,0.192,0.108,0.194,0.058,0.008,0.048,,,
8432800,80.217,0.081,0.021,0.144,0.006,0.011,0.177,0.023,0.086,0.339,0.013,0.009,-0.05,1.09,0.061
8440248,79.688,0.019,0.451,0.14,0.058,0.125,0.314,0.349,0.02,0.2,0.007,0.236,0.039,1.235,0.069
8451486,80.211,0.015,0.009,0.145,0.008,0.008,0.254,0.013,0.007,0.363,0.012,0.011,-0.229,0.989,0.057
8453896,77.546,0.059,0.024,0.132,0.004,0.014,0.135,0.011,0.046,0.371,0.045,0.006,-0.33,0.98,0.06
8458124,79.197,0.066,0.015,0.131,0.01,0.003,0.238,0.008,0.073,0.372,0.016,0.008,0.243,1.29,0.073
8458459,86.849,0.166,0.12,0.154,0.01,0.025,0.232,0.074,0.026,0.347,0.077,0.224,-0.034,1.175,0.068
8458954,80.026,0.116,0.099,0.126,0.015,0.015,-0.008,0.106,0.121,0.328,0.042,0.026,0.3,1.159,0.066
8459085,84.351,1.274,1.281,0.134,0.009,0.006,0.152,0.077,0.081,0.239,0.016,0.022,-0.085,1.283,0.073
8475025,74.321,0.031,0.005,0.125,0.004,0.011,0.254,0.004,0.044,0.332,0.01,0.005,-0.094,1.36,0.079
8480097,86.868,0.045,0.034,0.174,0.011,0.005,0.274,0.02,0.029,0.279,0.03,0.004,0.153,1.123,0.062
8488530,69.759,0.016,0.121,0.09,0.014,0.015,0.339,0.271,0.04,0.0,0.0,0.0,,,
8494157,76.224,0.012,0.026,0.156,0.022,0.004,0.133,0.016,0.025,0.334,0.064,0.057,,,
8505072,75.654,0.017,0.05,0.162,0.035,0.027,0.346,0.059,0.004,0.445,0.015,0.031,-0.215,1.017,0.06
8507484,72.144,0.027,0.06,0.11,0.017,0.014,0.122,0.106,0.044,0.0,0.0,0.0,-0.114,1.52,0.09
8510560,73.278,0.009,0.041,0.224,0.017,0.016,0.021,0.065,0.013,0.915,0.015,0.004,-0.137,1.51,0.089
8518198,79.369,0.02,0.045,0.136,0.006,0.011,0.211,0.051,0.023,0.425,0.009,0.01,-0.053,1.168,0.067
8524315,73.353,0.024,0.281,0.177,0.069,0.062,-0.342,0.104,0.048,0.285,0.217,0.001,0.009,1.198,0.072
8526691,80.104,0.028,0.105,0.118,0.006,0.015,0.023,0.125,0.035,0.206,0.012,0.016,,,
8538793,79.955,0.101,0.032,0.148,0.012,0.046,0.247,0.089,0.039,0.443,0.04,0.025,-0.039,1.043,0.059
8543569,75.123,0.018,0.003,0.136,0.002,0.005,0.224,0.008,0.015,0.549,0.001,0.012,0.005,1.12,0.065
8545504,74.971,0.023,0.044,0.119,0.005,0.019,0.081,0.052,0.045,0.303,0.012,0.015,-0.114,1.552,0.093
8555599,71.05,0.025,0.008,0.103,0.004,0.009,-0.203,0.023,0.015,0.257,0.017,0.005,0.051,1.091,0.067
8564157,81.859,0.219,0.114,0.149,0.016,0.025,0.229,0.087,0.081,0.296,0.01,0.281,-0.152,1.296,0.072
8564976,77.058,0.046,0.021,0.171,0.042,0.01,0.139,0.009,0.051,0.544,0.039,0.03,-0.233,0.932,0.054
8574234,77.788,0.075,0.075,0.149,0.066,0.04,0.098,0.055,0.103,0.0,0.0,0.0,-0.087,1.058,0.06
8579095,78.346,0.108,0.176,0.119,0.027,0.014,0.176,0.193,0.105,0.288,0.026,0.022,0.289,1.367,0.079
8583313,82.719,0.018,0.016,0.152,0.008,0.008,0.23,0.014,0.012,0.363,0.011,0.009,-0.282,0.95,0.054
8605197,77.258,0.015,0.068,0.135,0.007,0.025,0.204,0.099,0.016,0.376,0.012,0.022,0.094,1.145,0.067
8607365,71.196,0.012,0.035,0.137,0.018,0.01,-0.228,0.067,0.019,0.371,0.012,0.008,0.221,1.487,0.09
8609482,80.346,0.031,0.104,0.126,0.024,0.031,0.178,0.08,0.034,0.173,0.052,0.053,0.29,1.192,0.069
8611394,76.452,0.102,0.05,0.133,0.027,0.034,0.098,0.062,0.148,0.0,0.0,0.0,-0.15,1.121,0.064
8612480,74.239,0.015,0.013,0.107,0.001,0.015,0.331,0.037,0.011,0.304,0.013,0.022,0.313,1.236,0.072
8613617,81.72,0.042,0.013,0.152,0.006,0.004,0.258,0.01,0.033,0.231,0.011,0.011,-0.097,1.225,0.069
8620380,77.761,0.001,0.15,0.138,0.014,0.005,0.27,0.173,0.002,0.464,0.011,0.014,0.107,1.292,0.073
8620872,76.627,0.057,0.096,0.117,0.03,0.044,0.157,0.126,0.095,0.0,0.0,0.0,0.039,1.229,0.071
8623565,72.543,0.026,0.016,0.171,0.007,0.019,-0.02,0.007,0.046,0.627,0.027,0.006,-0.019,1.369,0.079
8623655,73.256,0.015,0.036,0.152,0.039,0.004,0.036,0.081,0.011,0.244,0.006,0.012,,,
8630459,86.722,0.002,0.08,0.158,0.003,0.004,0.249,0.058,0.001,0.471,0.009,0.006,,,
8630587,79.186,0.006,0.316,0.138,0.011,0.008,0.185,0.325,0.008,0.34,0.006,0.041,0.096,1.244,0.071
8636389,76.018,0.025,0.064,0.138,0.011,0.021,0.124,0.084,0.035,0.252,0.017,0.024,-0.32,1.203,0.072
8648759,83.591,0.061,0.066,0.171,0.016,0.014,0.223,0.039,0.067,0.0,0.0,0.0,-0.37,1.145,0.067
8673261,78.53,0.013,0.212,0.122,0.019,0.016,0.223,0.219,0.029,0.312,0.052,0.025,,,
8674172,79.154,0.179,0.083,0.144,0.044,0.034,0.057,0.07,0.199,0.0,0.0,0.0,-0.215,1.052,0.061
8678638,85.008,0.007,0.343,0.144,0.015,0.038,0.312,0.245,0.004,0.317,0.082,0.027,,,
8686904,76.708,0.002,0.024,0.123,0.003,0.011,0.099,0.024,0.001,0.387,0.007,0.007,0.008,1.238,0.07
8688421,77.607,0.122,0.067,0.156,0.045,0.025,0.145,0.068,0.135,0.0,0.0,0.0,-0.338,1.458,0.085
8694617,72.764,0.011,0.015,0.141,0.005,0.005,0.053,0.022,0.012,0.384,0.009,0.007,-0.051,1.104,0.065
8718745,80.088,0.101,0.079,0.151,0.016,0.049,0.213,0.061,0.078,0.455,0.262,0.026,-0.323,0.961,0.055
8733697,87.85,0.002,0.015,0.149,0.001,0.003,0.182,0.006,0.002,0.46,0.007,0.003,,,
8742229,80.454,0.046,0.073,0.13,0.02,0.029,0.091,0.096,0.067,0.0,0.0,0.0,-0.066,1.679,0.102
8742545,81.208,0.042,0.083,0.148,0.015,0.019,0.268,0.084,0.032,0.0,0.0,0.0,-0.288,1.051,0.057
8742912,71.67,0.049,0.058,0.103,0.074,0.103,0.082,0.144,0.039,0.806,0.008,0.009,,,
8766846,81.864,0.014,0.015,0.141,0.005,0.009,0.339,0.011,0.011,0.289,0.009,0.011,0.064,1.193,0.065
8806387,74.546,0.024,0.192,0.121,0.028,0.037,0.163,0.36,0.004,0.0,0.0,0.0,,,
8807777,74.402,0.039,0.033,0.153,0.009,0.022,0.094,0.055,0.074,0.329,0.007,0.007,,,
8813618,79.705,0.016,0.088,0.151,0.012,0.01,0.195,0.101,0.022,0.367,0.02,0.01,-0.026,1.069,0.06
8815517,73.893,0.001,0.163,0.137,0.022,0.034,0.105,0.274,0.023,0.399,0.054,0.03,,,
8816007,85.828,0.062,0.007,0.144,0.001,0.011,0.287,0.004,0.043,0.295,0.012,0.01,0.067,1.222,0.069
8819552,77.597,0.07,0.051,0.124,0.016,0.007,0.215,0.08,0.073,0.322,0.022,0.017,,,
8823626,72.745,0.008,0.007,0.129,0.008,0.0,0.074,0.001,0.008,0.385,0.008,0.006,,,
8827853,82.397,0.32,0.038,0.148,0.018,0.025,0.233,0.043,0.14,0.339,0.063,0.038,,,
8838230,82.955,0.069,0.047,0.144,0.012,0.022,0.204,0.043,0.048,0.127,0.018,0.037,0.037,1.245,0.071
8866860,80.806,0.117,0.057,0.138,0.019,0.014,0.185,0.075,0.114,0.285,0.015,0.019,0.207,1.105,0.062
8867239,74.762,0.103,0.147,0.116,0.023,0.033,0.262,0.118,0.176,0.0,0.0,0.0,,,
8869611,75.63,0.001,0.102,0.148,0.013,0.016,0.065,0.176,0.007,0.493,0.017,0.012,-0.078,1.068,0.063
8872890,81.835,0.018,0.023,0.133,0.003,0.014,0.318,0.013,0.015,0.341,0.006,0.011,,,
8892050,84.832,0.357,0.059,0.128,0.005,0.061,-0.048,0.011,0.279,0.0,0.0,0.0,,,
8893087,78.802,0.004,0.158,0.149,0.016,0.006,0.124,0.218,0.003,0.364,0.013,0.013,-0.086,1.07,0.064
8914107,79.304,0.004,0.303,0.153,0.036,0.019,0.209,0.314,0.001,0.212,0.045,0.026,-0.089,1.293,0.073
8936347,71.154,0.044,0.117,0.089,0.014,0.051,0.084,0.196,0.151,0.0,0.0,0.0,0.079,1.227,0.074
8946951,72.344,0.021,0.161,0.117,0.017,0.037,0.036,0.264,0.056,0.0,0.0,0.0,,,
8957693,79.006,0.013,0.045,0.129,0.012,0.005,0.19,0.026,0.011,0.307,0.018,0.03,-0.088,1.475,0.088
8957944,74.132,0.023,0.015,0.13,0.006,0.003,0.158,0.038,0.02,0.389,0.003,0.015,-0.068,1.501,0.089
8981783,82.133,0.014,0.32,0.141,0.015,0.01,0.161,0.252,0.014,0.432,0.055,0.015,0.184,1.264,0.072
8984355,82.778,0.127,0.015,0.136,0.01,0.007,0.214,0.016,0.095,0.333,0.032,0.012,0.238,1.274,0.073
9018640,76.035,0.012,0.173,0.139,0.011,0.013,0.134,0.273,0.011,0.222,0.027,0.01,,,
9018790,74.754,0.015,0.129,0.127,0.006,0.017,0.214,0.197,0.026,0.325,0.011,0.01,,,
9031549,70.755,0.057,0.068,0.116,0.013,0.026,0.057,0.252,0.062,0.0,0.0,0.0,-0.348,1.153,0.068
9031798,76.631,0.007,0.017,0.133,0.002,0.011,0.245,0.026,0.008,0.169,0.012,0.008,-0.174,1.178,0.068
9071153,76.69,0.019,0.006,0.147,0.013,0.007,0.052,0.009,0.023,0.613,0.007,0.005,0.086,1.253,0.072
9074137,82.275,0.046,0.028,0.14,0.006,0.032,0.118,0.027,0.039,0.46,0.018,0.05,-0.076,1.145,0.064
9074792,77.47,0.032,0.029,0.14,0.016,0.017,0.199,0.033,0.039,0.37,0.018,0.018,,,
9075872,82.724,0.052,0.105,0.181,0.044,0.039,0.149,0.045,0.081,0.282,0.025,0.027,-0.373,1.071,0.065
9084281,74.731,0.03,0.027,0.139,0.008,0.019,-0.025,0.054,0.014,0.271,0.014,0.016,,,
9086187,76.347,0.09,0.137,0.141,0.034,0.031,0.113,0.124,0.069,0.0,0.0,0.0,-0.342,1.181,0.068
9091127,73.256,0.008,0.01,0.149,0.004,0.01,0.152,0.009,0.027,0.378,0.007,0.006,,,
9100548,78.696,0.024,0.099,0.147,0.013,0.03,0.116,0.138,0.023,0.28,0.039,0.031,-0.435,0.992,0.059
9109244,82.128,0.224,0.015,0.19,0.049,0.001,0.076,0.002,0.142,0.522,0.031,0.01,0.027,1.37,0.078
9119915,81.628,0.01,0.057,0.158,0.006,0.008,0.23,0.061,0.008,0.35,0.005,0.013,-0.296,1.051,0.059
9137958,75.097,0.014,0.011,0.157,0.007,0.01,0.066,0.01,0.006,0.282,0.011,0.011,,,
9145781,88.63,0.021,0.044,0.171,0.008,0.006,0.269,0.025,0.01,0.269,0.013,0.013,0.051,1.259,0.069
9145861,77.53,0.039,0.136,0.154,0.005,0.048,0.18,0.086,0.059,0.589,0.071,0.081,0.287,1.297,0.075
9146372,74.847,0.021,0.104,0.125,0.011,0.022,0.143,0.176,0.015,0.333,0.023,0.013,0.251,1.278,0.076
9152245,79.901,0.082,0.056,0.145,0.014,0.009,0.211,0.063,0.105,0.487,0.008,0.015,0.106,1.092,0.062
9157260,91.679,0.017,0.288,0.182,0.021,0.011,0.105,0.149,0.004,0.424,0.02,0.055,-0.173,1.022,0.057
9163153,82.697,0.13,0.07,0.139,0.017,0.031,0.109,0.102,0.09,0.0,0.0,0.0,0.316,1.156,0.066
9163621,85.799,0.245,0.023,0.15,0.009,0.013,0.279,0.012,0.161,0.372,0.019,0.015,,,
9164696,74.316,0.024,0.037,0.126,0.013,0.023,0.151,0.057,0.034,0.307,0.014,0.013,0.097,1.251,0.072
9172127,84.503,0.082,0.109,0.139,0.002,0.009,0.289,0.076,0.061,0.485,0.002,0.015,,,
9202597,76.612,0.021,0.055,0.121,0.06,0.042,0.183,0.06,0.032,0.167,0.072,0.007,0.345,1.242,0.073
9209366,80.5,0.192,0.024,0.132,0.043,0.052,0.211,0.069,0.283,0.0,0.0,0.0,0.312,1.128,0.066
9209565,82.219,0.156,0.084,0.14,0.02,0.032,0.165,0.079,0.175,0.315,0.043,0.029,,,
9210548,85.458,0.061,0.064,0.162,0.003,0.034,0.268,0.011,0.062,0.311,0.033,0.023,,,
9211160,83.359,0.135,0.014,0.161,0.01,0.002,0.216,0.007,0.118,0.344,0.007,0.021,,,
9211176,78.46,0.042,0.037,0.168,0.01,0.023,0.311,0.018,0.076,0.391,0.022,0.015,,,
9214512,74.442,0.019,0.0,0.14,0.003,0.013,0.114,0.001,0.032,0.425,0.003,0.006,-0.068,1.249,0.073
9225958,82.438,0.205,0.021,0.137,0.011,0.02,0.254,0.023,0.052,0.317,0.12,0.163,0.043,1.187,0.067
9228469,74.235,0.041,0.081,0.133,0.019,0.015,0.221,0.091,0.056,0.33,0.075,0.051,-0.328,1.385,0.082
9245197,85.717,0.048,0.042,0.161,0.006,0.012,0.211,0.025,0.031,0.606,0.013,0.033,-0.001,1.386,0.078
9267654,78.045,0.038,0.033,0.154,0.037,0.011,0.083,0.062,0.032,0.467,0.02,0.006,-0.015,1.16,0.066
9269234,77.82,0.08,0.007,0.123,0.01,0.023,0.154,0.004,0.109,0.272,0.016,0.018,0.198,1.175,0.068
9273251,84.483,0.26,0.019,0.154,0.017,0.015,0.189,0.015,0.215,0.515,0.039,0.019,0.029,1.082,0.059
9285116,76.968,0.148,0.022,0.142,0.026,0.017,0.19,0.022,0.211,0.421,0.041,0.016,,,
9285727,84.802,0.17,0.023,0.135,0.007,0.02,0.244,0.018,0.082,0.266,0.015,0.258,,,
9289780,90.221,0.351,0.0,0.193,0.034,0.003,0.093,0.001,0.186,0.363,0.028,0.037,-0.255,1.069,0.059
9290593,70.513,0.091,0.013,0.185,0.016,0.04,0.197,0.001,0.207,0.645,0.019,0.011,,,
9300159,83.656,0.077,0.039,0.127,0.004,0.03,0.187,0.026,0.083,0.244,0.008,0.023,-0.096,1.444,0.083
9305599,83.002,0.083,0.599,0.172,0.012,0.047,0.246,0.533,0.102,0.475,0.042,0.013,-0.457,0.914,0.052
9326896,73.097,0.01,0.274,0.113,0.018,0.013,0.316,0.324,0.011,0.236,0.033,0.028,,,
9335518,75.645,0.067,0.038,0.131,0.019,0.003,0.128,0.041,0.118,0.0,0.0,0.0,0.257,1.192,0.07
9340325,76.274,0.007,0.02,0.163,0.019,0.023,0.196,0.028,0.006,0.521,0.013,0.005,-0.07,1.053,0.061
9368528,87.522,0.022,0.118,0.178,0.033,0.013,0.192,0.068,0.017,0.242,0.04,0.053,,,
9368745,73.64,0.013,0.013,0.114,0.006,0.022,0.115,0.022,0.014,0.388,0.013,0.011,0.24,1.367,0.08
9388523,80.249,0.131,0.454,0.146,0.025,0.003,0.234,0.436,0.136,0.489,0.048,0.007,0.143,1.241,0.07
9402439,79.403,0.121,0.072,0.129,0.007,0.021,0.211,0.102,0.032,0.343,0.083,0.044,0.159,1.164,0.065
9418101,85.929,0.039,0.298,0.153,0.01,0.017,0.197,0.165,0.018,0.317,0.013,0.038,,,
9426610,76.986,0.007,0.035,0.123,0.004,0.008,-0.054,0.05,0.002,0.814,0.006,0.008,0.104,1.321,0.076
9427899,83.04,0.013,0.255,0.162,0.014,0.01,0.369,0.208,0.02,0.582,0.048,0.005,0.026,1.243,0.069
9456242,77.837,0.095,0.138,0.125,0.004,0.015,0.197,0.269,0.003,0.344,0.019,0.01,0.087,1.229,0.071
9457533,81.257,0.131,0.014,0.134,0.007,0.009,0.238,0.009,0.124,0.342,0.014,0.011,0.113,1.232,0.069
9472076,75.589,0.088,0.021,0.11,0.015,0.018,0.231,0.013,0.098,0.2,0.02,0.019,0.116,1.491,0.086
9475697,75.536,0.014,0.226,0.139,0.03,0.02,0.26,0.357,0.013,0.589,0.028,0.056,0.055,1.266,0.073
9512519,75.829,0.098,0.007,0.134,0.01,0.01,0.188,0.009,0.131,0.409,0.02,0.01,0.081,1.257,0.074
9512635,79.442,0.008,0.082,0.158,0.016,0.01,0.26,0.087,0.005,0.457,0.011,0.019,-0.15,1.195,0.068
9513889,75.296,0.009,0.015,0.146,0.004,0.008,0.084,0.019,0.011,0.398,0.003,0.007,,,
9520216,80.734,0.073,0.119,0.148,0.013,0.007,0.274,0.139,0.074,0.391,0.027,0.018,,,
9521171,71.625,0.009,0.008,0.148,0.009,0.022,-0.097,0.008,0.022,0.296,0.007,0.006,-0.268,1.263,0.075
9531084,76.737,0.013,0.063,0.129,0.012,0.007,0.22,0.096,0.024,0.131,0.005,0.004,0.1,1.034,0.061
9531103,85.618,0.148,0.179,0.155,0.017,0.038,0.245,0.006,0.231,0.31,0.013,0.285,,,
9534288,83.178,0.224,0.272,0.166,0.025,0.036,0.169,0.201,0.2,0.746,0.041,0.087,,,
9534802,80.686,0.037,0.037,0.14,0.016,0.015,0.204,0.038,0.025,0.48,0.021,0.023,0.312,1.145,0.065
9534964,76.895,0.034,0.179,0.141,0.079,0.036,0.183,0.145,0.078,0.25,0.124,0.017,-0.084,1.274,0.073
9541946,74.268,0.042,0.026,0.165,0.026,0.002,0.062,0.021,0.095,0.491,0.006,0.027,-0.02,1.21,0.07
9574650,75.914,0.035,0.018,0.143,0.012,0.014,0.173,0.021,0.058,0.353,0.015,0.016,-0.312,1.179,0.069
9575847,83.536,0.097,0.226,0.159,0.007,0.011,0.187,0.179,0.083,0.397,0.016,0.011,-0.21,1.225,0.07
9593478,82.656,0.008,0.023,0.142,0.005,0.006,0.348,0.016,0.002,0.252,0.01,0.026,,,
9596479,82.446,0.063,0.099,0.151,0.025,0.012,0.266,0.09,0.056,0.338,0.032,0.017,,,
9602686,77.464,0.038,0.012,0.17,0.012,0.01,0.207,0.009,0.059,0.458,0.012,0.012,,,
9631875,82.666,0.02,0.121,0.141,0.005,0.006,0.279,0.106,0.014,0.299,0.005,0.008,,,
9635649,84.207,0.021,0.248,0.159,0.056,0.002,0.17,0.181,0.006,0.455,0.039,0.012,,,
9641694,82.508,0.035,0.047,0.142,0.015,0.01,0.204,0.051,0.033,0.0,0.0,0.0,,,
9642805,71.074,0.137,0.013,0.109,0.007,0.024,-0.241,0.015,0.159,0.0,0.0,0.0,0.074,1.605,0.095
9649838,73.407,0.1,0.118,0.14,0.038,0.022,-0.016,0.162,0.093,0.473,0.037,0.126,,,
9652704,84.47,0.042,0.056,0.15,0.01,0.015,0.255,0.038,0.029,0.558,0.03,0.027,0.098,1.204,0.068
9662723,83.12,0.043,0.01,0.159,0.037,0.009,-0.049,0.001,0.061,0.271,0.013,0.005,0.128,1.673,0.101
9663247,85.484,0.018,0.14,0.157,0.022,0.034,0.181,0.105,0.018,0.438,0.032,0.035,0.108,1.244,0.07
9663257,76.681,0.075,0.166,0.121,0.03,0.035,0.167,0.168,0.1,0.0,0.0,0.0,,,
9665890,81.589,0.048,0.46,0.161,0.044,0.034,0.281,0.505,0.084,0.0,0.0,0.0,,,
9692431,66.315,0.065,0.125,0.113,0.049,0.003,-0.451,0.705,0.801,0.0,0.0,0.0,0.156,1.589,0.098
9698133,72.158,0.129,0.073,0.109,0.052,0.099,-0.144,0.205,0.101,0.395,0.015,0.01,0.091,1.468,0.086
9699882,81.258,0.057,0.043,0.138,0.011,0.013,0.176,0.027,0.082,0.466,0.028,0.013,,,
9700053,87.608,0.134,0.027,0.157,0.007,0.018,0.188,0.018,0.079,0.48,0.042,0.019,-0.098,1.224,0.067
9700142,74.994,0.043,0.04,0.146,0.007,0.019,0.159,0.07,0.078,0.474,0.01,0.01,,,
9706819,86.599,0.067,0.036,0.177,0.018,0.002,-0.332,0.024,0.038,0.0,0.0,0.0,,,
9707138,84.536,0.022,0.008,0.171,0.003,0.003,0.068,0.006,0.014,0.245,0.008,0.006,,,
9712445,84.655,0.011,0.292,0.135,0.009,0.015,0.209,0.12,0.012,0.29,0.009,0.276,0.298,1.159,0.065
9712824,81.372,0.081,0.115,0.141,0.03,0.022,0.17,0.111,0.065,0.352,0.049,0.013,0.281,1.135,0.064
9713043,75.313,0.012,0.031,0.14,0.009,0.028,0.037,0.036,0.02,0.42,0.012,0.006,,,
9713617,82.274,0.086,0.077,0.129,0.028,0.04,0.132,0.033,0.085,0.326,0.025,0.035,0.354,1.132,0.064
9724451,81.449,0.032,0.083,0.144,0.018,0.016,0.167,0.067,0.028,0.632,0.081,0.007,,,
9726669,72.661,0.038,0.033,0.123,0.028,0.075,-0.102,0.1,0.042,0.38,0.022,0.009,,,
9758193,70.758,0.015,0.093,0.13,0.011,0.031,0.063,0.196,0.039,0.238,0.027,0.029,,,
9760514,83.831,0.181,0.058,0.16,0.012,0.007,0.274,0.043,0.071,0.295,0.011,0.302,-0.076,1.205,0.068
9763796,81.286,0.141,0.058,0.152,0.014,0.016,0.222,0.145,0.044,0.289,0.048,0.034,-0.283,1.038,0.058
9767815,72.638,0.088,0.05,0.13,0.022,0.033,-0.319,0.106,0.185,0.0,0.0,0.0,,,
9768134,90.997,0.223,0.013,0.141,0.012,0.055,0.078,0.006,0.098,0.338,0.04,0.047,,,
9772366,71.158,0.053,0.006,0.167,0.019,0.032,0.031,0.008,0.101,0.325,0.005,0.018,0.253,1.636,0.102
9777479,86.176,0.006,0.062,0.162,0.01,0.007,0.229,0.041,0.006,0.277,0.024,0.016,0.032,1.144,0.061
9778887,72.744,0.042,0.036,0.133,0.014,0.024,0.006,0.068,0.098,0.0,0.0,0.0,-0.158,1.157,0.066
9784586,61.97,0.01,0.066,0.072,0.022,0.012,0.104,0.205,0.034,0.162,0.005,0.018,-0.042,1.735,0.107
9789635,85.359,0.003,0.055,0.157,0.009,0.033,0.35,0.003,0.0,0.427,0.003,0.035,0.153,1.317,0.073
9811950,77.868,0.015,0.026,0.152,0.009,0.021,-0.034,0.02,0.013,0.579,0.014,0.012,0.232,1.25,0.073
9818288,76.618,0.022,0.007,0.119,0.004,0.023,0.302,0.008,0.019,0.257,0.017,0.008,0.336,1.206,0.07
9824874,72.248,0.03,0.011,0.131,0.014,0.013,-0.042,0.024,0.063,0.509,0.011,0.005,-0.024,1.118,0.067
9825272,69.446,0.014,0.094,0.147,0.02,0.013,0.208,0.278,0.011,0.354,0.004,0.014,,,
9837129,73.674,0.007,0.046,0.139,0.011,0.013,0.056,0.072,0.01,0.422,0.011,0.025,,,
9873127,87.192,0.129,0.051,0.182,0.02,0.002,0.292,0.028,0.082,0.456,0.025,0.022,0.037,1.152,0.061
9873753,88.769,0.105,0.016,0.173,0.006,0.09,0.266,0.006,0.079,0.234,0.001,0.174,-0.004,1.178,0.064
9881708,78.551,0.019,0.03,0.14,0.01,0.015,0.341,0.03,0.023,0.382,0.011,0.026,0.031,1.265,0.072
9882316,80.4,0.025,0.083,0.162,0.014,0.012,0.156,0.071,0.021,0.0,0.0,0.0,-0.404,1.579,0.093
9882766,80.272,0.137,0.062,0.142,0.007,0.036,0.231,0.067,0.13,0.329,0.042,0.008,-0.134,1.311,0.075
9885121,71.802,0.047,0.032,0.135,0.015,0.007,0.099,0.091,0.074,0.312,0.003,0.015,,,
9893850,80.131,0.032,0.098,0.156,0.01,0.014,0.242,0.108,0.042,0.397,0.032,0.022,,,
9896174,89.653,0.164,0.045,0.18,0.036,0.041,0.042,0.032,0.121,0.27,0.128,0.334,-0.171,1.413,0.079
9897206,71.073,0.015,0.129,0.148,0.015,0.131,-0.14,0.264,0.055,0.397,0.046,0.012,,,
9904059,79.604,0.045,0.161,0.138,0.013,0.031,0.183,0.171,0.051,0.28,0.009,0.047,,,
9904365,84.791,0.007,0.034,0.173,0.003,0.008,0.301,0.029,0.0,0.317,0.006,0.021,-0.032,1.322,0.076
9932463,85.988,0.033,0.017,0.146,0.003,0.004,0.212,0.011,0.023,0.367,0.008,0.003,0.327,1.148,0.065
9934955,80.871,0.049,0.228,0.154,0.045,0.027,0.089,0.241,0.053,0.0,0.0,0.0,,,
9936310,82.347,0.031,0.083,0.164,0.038,0.021,0.262,0.072,0.035,0.313,0.014,0.048,,,
9941141,72.717,0.01,0.024,0.116,0.015,0.011,0.209,0.033,0.022,0.35,0.015,0.009,0.247,1.31,0.078
9946213,76.962,0.074,0.014,0.138,0.02,0.014,0.099,0.069,0.178,0.329,0.028,0.024,-0.107,1.166,0.066
9962982,71.372,0.001,0.032,0.127,0.005,0.01,-0.215,0.08,0.013,0.32,0.006,0.008,-0.131,1.221,0.074
9964436,86.2,0.059,0.009,0.156,0.004,0.004,0.281,0.006,0.038,0.313,0.009,0.004,,,
9967700,75.854,0.011,0.017,0.151,0.018,0.01,0.077,0.018,0.01,0.216,0.011,0.009,-0.384,1.199,0.07
9969088,81.784,0.036,0.061,0.155,0.03,0.03,0.209,0.069,0.007,0.487,0.068,0.006,,,
10000547,82.73,0.017,0.014,0.152,0.007,0.011,0.252,0.008,0.012,0.282,0.006,0.013,-0.274,1.113,0.064
10006097,81.004,0.041,0.013,0.14,0.003,0.009,0.233,0.011,0.047,0.371,0.007,0.013,-0.028,1.094,0.061
10019661,80.941,0.058,0.125,0.136,0.027,0.021,0.248,0.112,0.068,0.0,0.0,0.0,,,
10030919,86.611,0.037,0.004,0.18,0.012,0.019,0.31,0.001,0.033,0.305,0.035,0.016,,,
10034889,77.191,0.088,0.05,0.159,0.009,0.034,0.155,0.052,0.032,0.472,0.012,0.071,,,
10068556,81.494,0.043,0.014,0.16,0.009,0.011,0.35,0.007,0.036,0.237,0.01,0.03,0.007,1.338,0.076
10069788,78.978,0.096,0.094,0.134,0.026,0.02,0.162,0.108,0.107,0.0,0.0,0.0,,,
10088999,76.777,0.02,0.019,0.158,0.009,0.008,0.071,0.034,0.025,0.404,0.009,0.006,,,
10090039,69.95,0.023,0.067,0.111,0.023,0.021,0.009,0.138,0.05,0.0,0.0,0.0,0.184,1.564,0.097
10122250,80.721,0.017,0.252,0.131,0.008,0.016,0.197,0.175,0.082,0.33,0.012,0.02,,,
10123207,83.673,0.016,0.071,0.16,0.007,0.014,0.201,0.064,0.013,0.0,0.0,0.0,-0.461,0.917,0.053
10133033,83.024,0.042,0.033,0.141,0.005,0.011,0.293,0.017,0.04,0.562,0.01,0.021,0.125,1.28,0.072
10145736,97.059,0.615,0.007,0.204,0.025,0.042,0.014,0.003,0.339,0.193,0.026,0.068,,,
10146803,82.589,0.015,0.02,0.163,0.011,0.013,0.253,0.008,0.016,0.354,0.022,0.013,-0.196,1.253,0.069
10147167,78.83,0.017,0.096,0.135,0.033,0.012,0.22,0.099,0.036,0.0,0.0,0.0,0.26,1.174,0.068
10148629,73.521,0.013,0.013,0.135,0.014,0.014,0.249,0.01,0.017,0.337,0.008,0.01,,,
10149324,83.264,0.016,0.011,0.133,0.001,0.011,0.333,0.003,0.019,0.334,0.02,0.007,,,
10158595,68.165,0.042,0.037,0.112,0.022,0.046,-0.133,0.017,0.04,0.0,0.0,0.0,-0.215,1.381,0.083
10188953,77.265,0.011,0.078,0.151,0.011,0.012,-0.044,0.103,0.014,0.42,0.01,0.014,-0.101,1.264,0.073
10192458,77.79,0.009,0.28,0.146,0.013,0.02,0.302,0.232,0.106,0.3,0.033,0.033,-0.204,1.116,0.064
10192691,74.914,0.013,0.028,0.138,0.011,0.007,0.224,0.041,0.021,0.36,0.01,0.008,,,
10202184,79.944,0.187,0.001,0.135,0.006,0.012,0.155,0.001,0.185,0.309,0.022,0.011,-0.244,1.19,0.07
10223473,85.123,0.052,0.038,0.153,0.003,0.029,0.281,0.031,0.025,0.337,0.106,0.025,,,
10229696,78.79,0.087,0.005,0.143,0.008,0.034,0.177,0.0,0.11,0.079,0.001,0.026,,,
10257419,74.084,0.026,0.067,0.127,0.019,0.026,0.111,0.121,0.051,0.0,0.0,0.0,-0.029,1.189,0.07
10257635,73.76,0.014,0.016,0.106,0.002,0.008,0.206,0.023,0.036,0.332,0.006,0.007,0.061,1.26,0.074
10263598,76.97,0.042,0.067,0.121,0.013,0.027,0.21,0.082,0.07,0.0,0.0,0.0,,,
10272641,72.318,0.012,0.054,0.149,0.021,0.008,-0.168,0.071,0.007,0.265,0.017,0.013,-0.213,1.297,0.077
10272966,75.669,0.041,0.002,0.131,0.015,0.014,0.239,0.004,0.051,0.349,0.011,0.011,,,
10274503,83.183,0.264,0.413,0.128,0.078,0.079,0.217,0.285,0.039,0.0,0.0,0.0,,,
10286995,73.322,0.17,0.007,0.096,0.025,0.019,-0.443,0.014,0.341,0.0,0.0,0.0,,,
10322666,75.482,0.108,0.252,0.108,0.011,0.031,0.112,0.301,0.159,0.0,0.0,0.055,,,
10328727,79.715,0.052,0.04,0.164,0.014,0.03,0.225,0.051,0.054,0.622,0.024,0.027,-0.416,1.123,0.064
10333131,80.13,0.018,0.298,0.137,0.049,0.042,0.327,0.244,0.003,0.312,0.075,0.034,0.059,1.383,0.078
10339303,75.05,0.071,0.062,0.114,0.03,0.03,-0.252,0.035,0.203,0.0,0.0,0.0,,,
10351142,70.931,0.019,0.014,0.173,0.009,0.015,-0.005,0.037,0.025,0.584,0.014,0.006,,,
10382727,85.451,0.013,0.121,0.16,0.009,0.012,0.253,0.079,0.008,0.208,0.017,0.008,,,
10386904,86.152,0.114,0.027,0.161,0.015,0.014,0.168,0.015,0.083,0.504,0.015,0.033,-0.108,1.027,0.056
10387370,69.404,0.0,0.02,0.123,0.004,0.01,-0.11,0.055,0.001,0.263,0.003,0.003,-0.512,0.999,0.061
10387999,75.348,0.192,0.205,0.129,0.044,0.068,0.308,0.009,0.139,0.0,0.0,0.0,,,
10420629,89.735,0.004,0.258,0.144,0.005,0.019,0.251,0.175,0.009,0.225,0.013,0.04,0.041,1.618,0.093
10422287,72.083,0.052,0.098,0.101,0.047,0.063,0.082,0.227,0.062,0.656,0.009,0.009,0.358,1.545,0.094
10424379,75.216,0.067,0.051,0.142,0.018,0.038,0.008,0.072,0.105,0.0,0.0,0.0,-0.323,1.263,0.073
10427256,81.237,0.116,0.112,0.151,0.01,0.03,0.303,0.109,0.086,0.264,0.035,0.031,-0.36,1.224,0.07
10448558,77.226,0.025,0.059,0.148,0.011,0.02,0.171,0.081,0.036,0.372,0.02,0.024,,,
10449846,84.637,0.083,0.057,0.141,0.004,0.006,0.181,0.043,0.06,0.51,0.011,0.018,0.273,1.157,0.065
10452960,82.052,0.029,0.02,0.187,0.024,0.006,0.14,0.01,0.02,0.237,0.007,0.018,,,
10460225,77.091,0.019,0.106,0.128,0.012,0.015,0.056,0.118,0.014,0.244,0.023,0.016,,,
10472755,79.765,0.002,0.284,0.143,0.015,0.038,0.164,0.27,0.06,0.166,0.035,0.027,,,
10482211,87.444,0.0,0.245,0.148,0.017,0.009,0.168,0.128,0.005,0.454,0.038,0.03,,,
10517360,85.18,0.122,0.109,0.159,0.027,0.008,0.163,0.068,0.093,0.215,0.037,0.028,,,
10521711,78.225,0.03,0.115,0.147,0.032,0.008,0.141,0.145,0.022,0.0,0.0,0.0,,,
10525595,80.013,0.118,0.042,0.112,0.0,0.032,0.118,0.051,0.146,0.35,0.033,0.025,-0.055,1.661,0.101
10537820,82.972,0.049,0.212,0.14,0.036,0.027,0.262,0.172,0.048,0.0,0.0,0.0,-0.018,1.069,0.058
10545089,78.212,0.126,0.206,0.123,0.009,0.022,0.211,0.149,0.089,0.325,0.019,0.064,0.296,1.196,0.069
10580260,82.214,0.0,0.395,0.124,0.01,0.065,0.362,0.389,0.027,0.0,0.0,0.0,,,
10581491,90.563,0.065,0.017,0.174,0.011,0.03,0.067,0.009,0.044,0.248,0.021,0.079,0.103,1.138,0.062
10587201,84.734,0.061,0.031,0.167,0.015,0.014,0.29,0.029,0.05,0.366,0.021,0.024,,,
10590005,75.549,0.012,0.112,0.119,0.005,0.024,0.22,0.169,0.015,0.34,0.037,0.031,,,
10593078,82.66,0.445,0.067,0.155,0.058,0.038,-0.392,0.049,0.304,0.0,0.0,0.0,0.156,1.337,0.076
10593799,81.699,0.145,0.412,0.139,0.002,0.086,0.236,0.392,0.129,0.326,0.023,0.017,,,
10599977,85.146,0.027,0.042,0.145,0.013,0.009,0.295,0.029,0.018,0.341,0.015,0.045,,,
10611263,80.203,0.132,0.102,0.126,0.015,0.018,0.179,0.112,0.142,0.302,0.018,0.037,0.148,1.195,0.066
10645209,69.9,0.008,0.012,0.137,0.006,0.003,0.05,0.0,0.003,0.398,0.007,0.012,-0.172,1.815,0.112
10651646,73.997,0.004,0.045,0.158,0.031,0.043,-0.139,0.093,0.015,0.538,0.006,0.001,-0.474,0.986,0.059
10658641,74.916,0.018,0.008,0.171,0.003,0.015,0.01,0.015,0.017,0.512,0.014,0.008,-0.341,0.964,0.058
10666682,71.979,0.038,0.003,0.129,0.005,0.01,-0.195,0.007,0.066,0.405,0.006,0.008,,,
10667545,73.791,0.064,0.002,0.147,0.021,0.019,0.068,0.013,0.071,0.379,0.024,0.018,,,
10668065,79.144,0.03,0.096,0.143,0.016,0.015,0.233,0.087,0.051,0.208,0.01,0.022,-0.256,1.193,0.069
10669590,75.857,0.022,0.149,0.133,0.02,0.025,0.039,0.262,0.01,0.107,0.005,0.017,-0.309,0.994,0.06
10675052,95.0,0.141,0.036,0.14,0.018,0.026,0.195,0.019,0.112,0.313,0.041,0.028,0.155,1.648,0.099
10684749,84.7,0.053,0.134,0.156,0.023,0.006,0.27,0.12,0.03,0.0,0.0,0.0,,,
10712314,68.262,0.008,0.024,0.113,0.01,0.005,0.25,0.022,0.0,0.344,0.01,0.014,,,
10722175,73.137,0.011,0.186,0.109,0.045,0.117,0.426,0.3,0.019,0.735,0.023,0.051,0.16,1.406,0.083
10727457,69.644,0.009,0.058,0.126,0.016,0.025,0.066,0.101,0.023,0.374,0.038,0.012,-0.034,1.414,0.086
10732050,69.934,0.065,0.004,0.147,0.006,0.02,-0.34,0.008,0.143,0.545,0.01,0.013,0.114,1.328,0.079
10732952,83.965,0.002,0.097,0.167,0.009,0.002,0.217,0.086,0.0,0.417,0.006,0.008,,,
10751237,74.809,0.038,0.042,0.129,0.011,0.029,0.15,0.081,0.031,0.351,0.041,0.019,-0.479,1.214,0.077
10779537,84.552,0.005,0.104,0.134,0.008,0.006,0.287,0.066,0.004,0.0,0.0,0.0,0.313,1.381,0.079
10782351,81.774,0.015,0.085,0.135,0.006,0.007,0.186,0.086,0.012,0.306,0.009,0.009,,,
10790401,83.266,0.153,0.093,0.153,0.019,0.029,0.214,0.068,0.141,0.323,0.086,0.046,,,
10792866,78.138,0.001,0.152,0.151,0.022,0.016,0.232,0.184,0.004,0.211,0.013,0.012,,,
10793872,86.283,0.038,0.045,0.167,0.013,0.015,0.21,0.036,0.025,0.446,0.02,0.034,-0.231,0.94,0.054
10796857,65.202,0.043,0.108,0.104,0.014,0.047,-0.184,0.316,0.023,0.03,0.016,0.015,-0.708,1.558,0.095
10798647,76.786,0.081,0.025,0.171,0.023,0.001,0.102,0.026,0.125,0.486,0.013,0.015,-0.249,1.018,0.06
10799729,74.553,0.07,0.103,0.1,0.011,0.087,0.362,0.157,0.05,0.339,0.046,0.038,,,
10809296,81.115,0.046,0.077,0.136,0.014,0.025,0.25,0.022,0.071,0.452,0.265,0.034,,,
10813626,84.176,0.189,0.525,0.159,0.023,0.017,0.295,0.289,0.032,0.282,0.172,0.36,-0.164,1.003,0.056
10847321,69.082,0.064,0.07,0.062,0.012,0.038,-0.076,0.191,0.022,0.0,0.0,0.0,0.14,1.34,0.082
10854977,85.554,0.106,0.019,0.154,0.012,0.015,0.212,0.007,0.088,0.273,0.023,0.016,,,
10858675,72.99,0.063,0.117,0.135,0.04,0.019,0.082,0.221,0.096,0.0,0.0,0.0,-0.103,1.165,0.07
10862184,75.253,0.016,0.028,0.129,0.009,0.006,0.108,0.043,0.021,0.312,0.006,0.007,,,
10866415,75.216,0.031,0.036,0.141,0.009,0.022,0.058,0.078,0.037,0.356,0.013,0.004,-0.006,1.114,0.064
10876892,82.12,0.008,0.018,0.141,0.011,0.016,0.203,0.011,0.022,0.367,0.029,0.012,,,
10881317,69.46,0.06,0.033,0.13,0.034,0.028,-0.196,0.067,0.131,0.0,0.0,0.0,0.008,1.434,0.087
10881810,78.031,0.151,0.004,0.136,0.009,0.021,0.313,0.004,0.037,0.505,0.301,0.022,-0.088,1.356,0.078
10904520,73.958,0.026,0.018,0.138,0.016,0.008,0.158,0.024,0.045,0.332,0.011,0.006,-0.122,1.27,0.073
10909816,78.126,0.01,0.133,0.129,0.018,0.025,0.473,0.112,0.027,0.0,0.0,0.0,,,
10910197,77.042,0.031,0.022,0.132,0.01,0.017,0.135,0.046,0.008,0.316,0.029,0.006,-0.133,1.113,0.064
10916563,70.105,0.004,0.006,0.16,0.005,0.007,0.239,0.006,0.005,0.31,0.003,0.004,-0.329,1.215,0.073
10924652,82.532,0.16,0.011,0.143,0.033,0.02,0.16,0.002,0.159,0.337,0.019,0.034,-0.036,1.056,0.06
10931578,86.324,0.069,0.1,0.146,0.013,0.003,0.294,0.067,0.034,0.325,0.024,0.018,0.377,1.24,0.071
10935377,82.25,0.034,0.003,0.173,0.01,0.0,0.232,0.004,0.036,0.303,0.01,0.002,-0.298,1.049,0.059
10937071,84.13,0.03,0.009,0.146,0.001,0.008,0.382,0.012,0.019,0.454,0.005,0.019,0.124,1.146,0.064
10962756,81.47,0.043,0.327,0.137,0.045,0.04,0.264,0.295,0.066,0.31,0.075,0.098,,,
10977146,79.675,0.019,0.12,0.133,0.007,0.002,0.229,0.008,0.022,0.235,0.011,0.221,0.003,1.274,0.073
10977979,86.292,0.024,0.327,0.184,0.025,0.004,0.297,0.213,0.017,0.405,0.017,0.036,-0.032,1.146,0.063
10979458,78.044,0.014,0.269,0.139,0.004,0.041,0.224,0.328,0.023,0.516,0.013,0.022,,,
10982591,88.959,0.098,0.07,0.168,0.002,0.029,0.23,0.036,0.065,0.0,0.0,0.0,,,
10989961,71.557,0.006,0.029,0.165,0.014,0.004,0.16,0.068,0.009,0.351,0.008,0.009,-0.286,1.19,0.069
11014947,68.863,0.139,0.032,0.159,0.016,0.127,-0.102,0.018,0.193,0.0,0.0,0.0,,,
11020211,77.161,0.029,0.067,0.147,0.024,0.007,0.168,0.097,0.036,0.534,0.172,0.025,-0.387,0.987,0.059
11033420,76.748,0.159,0.009,0.146,0.012,0.009,0.132,0.016,0.193,0.399,0.014,0.012,,,
11038809,87.949,0.028,0.008,0.166,0.007,0.0,0.307,0.003,0.015,0.329,0.017,0.006,0.066,1.353,0.074
11043940,72.264,0.024,0.037,0.145,0.017,0.008,-0.3,0.017,0.06,0.301,0.038,0.009,,,
11068380,72.674,0.003,0.084,0.13,0.011,0.006,0.191,0.191,0.008,0.309,0.007,0.003,-0.09,1.096,0.066
11083613,74.696,0.023,0.135,0.145,0.028,0.028,0.103,0.183,0.01,0.082,0.012,0.006,-0.457,0.935,0.057
11086949,81.213,0.065,0.125,0.135,0.025,0.022,0.331,0.054,0.132,0.0,0.0,0.0,-0.028,0.994,0.057
11090674,88.245,0.016,0.422,0.175,0.012,0.014,0.23,0.259,0.005,0.469,0.029,0.028,-0.126,1.081,0.059
11097752,79.552,0.137,0.308,0.124,0.012,0.104,0.234,0.3,0.178,0.29,0.17,0.005,0.227,1.245,0.072
11122147,80.212,0.13,0.014,0.154,0.038,0.03,-0.029,0.011,0.112,0.298,0.055,0.021,-0.242,1.384,0.079
11127815,72.237,0.123,0.053,0.132,0.026,0.04,-0.046,0.04,0.24,0.0,0.0,0.0,,,
11129191,72.299,0.013,0.093,0.231,0.04,0.006,-0.055,0.194,0.014,0.728,0.024,0.021,-0.203,1.162,0.07
11136578,73.498,0.047,0.07,0.105,0.022,0.06,0.163,0.118,0.098,0.0,0.0,0.0,0.089,1.226,0.072
11140680,75.755,0.006,0.015,0.148,0.005,0.003,-0.087,0.019,0.009,0.314,0.006,0.008,,,
11176222,75.292,0.001,0.044,0.126,0.015,0.015,0.179,0.065,0.0,0.348,0.014,0.029,,,
11189239,77.353,0.061,0.085,0.12,0.028,0.048,0.252,0.072,0.017,0.0,0.0,0.0,0.133,1.113,0.066
11190768,89.791,0.017,0.004,0.154,0.004,0.002,0.26,0.0,0.01,0.312,0.006,0.014,0.072,1.124,0.062
11196317,85.632,0.118,0.091,0.146,0.007,0.005,0.29,0.056,0.069,0.266,0.015,0.012,0.072,1.33,0.074
11245496,76.176,0.02,0.041,0.142,0.012,0.016,0.131,0.057,0.021,0.716,0.009,0.014,,,
11251622,68.269,0.013,0.028,0.089,0.042,0.066,0.169,0.073,0.031,0.382,0.006,0.007,0.086,1.542,0.096
11285650,74.324,0.049,0.018,0.116,0.017,0.022,0.318,0.019,0.048,0.347,0.017,0.027,0.274,1.248,0.074
11287949,71.863,0.123,0.133,0.171,0.037,0.034,0.015,0.219,0.044,0.302,0.121,0.081,0.03,1.4,0.084
11349180,88.99,0.262,0.166,0.172,0.013,0.111,0.03,0.089,0.175,0.367,0.078,0.055,-0.429,1.048,0.055
11349490,78.162,0.017,0.041,0.151,0.016,0.013,0.225,0.051,0.015,0.575,0.017,0.013,-0.056,1.219,0.071
11353313,77.012,0.047,0.047,0.155,0.014,0.012,0.161,0.054,0.062,0.464,0.012,0.016,-0.413,1.288,0.075
11358231,80.055,0.043,0.22,0.143,0.025,0.031,0.219,0.205,0.035,0.189,0.015,0.032,,,
11358669,73.361,0.033,0.046,0.124,0.012,0.014,0.161,0.061,0.066,0.348,0.015,0.011,0.128,1.428,0.083
11361765,74.668,0.009,0.055,0.14,0.01,0.011,0.166,0.098,0.009,0.424,0.022,0.014,-0.294,1.276,0.075
11391750,72.336,0.029,0.081,0.12,0.026,0.018,-0.027,0.161,0.028,0.0,0.0,0.0,-0.15,1.262,0.074
11404111,83.144,0.26,0.866,0.199,0.078,0.064,0.411,0.691,0.201,0.238,0.089,0.053,,,
11404149,87.41,0.208,0.006,0.194,0.047,0.004,0.25,0.005,0.131,0.274,0.053,0.019,,,
11404803,86.856,0.15,0.047,0.143,0.004,0.016,0.235,0.026,0.09,0.149,0.005,0.02,,,
11413393,68.363,0.053,0.007,0.181,0.012,0.026,0.092,0.008,0.147,0.433,0.014,0.013,-0.439,1.269,0.08
11453225,73.769,0.03,0.023,0.141,0.01,0.01,0.11,0.054,0.044,0.369,0.008,0.006,0.064,1.234,0.073
11465165,67.839,0.003,0.113,0.08,0.017,0.007,-0.087,0.2,0.005,0.017,0.005,0.033,,,
11465618,76.269,0.042,0.018,0.141,0.014,0.013,0.108,0.101,0.056,0.31,0.016,0.015,,,
11466403,72.791,0.164,0.006,0.138,0.02,0.014,0.118,0.002,0.097,0.278,0.145,0.009,,,
11468053,75.282,0.024,0.117,0.126,0.018,0.008,0.098,0.182,0.023,0.0,0.0,0.0,,,
11496193,81.651,0.043,0.178,0.147,0.014,0.022,0.189,0.152,0.047,0.376,0.026,0.041,,,
11502036,83.295,0.141,0.013,0.136,0.005,0.012,0.219,0.006,0.119,0.347,0.025,0.041,,,
11507936,69.913,0.05,0.061,0.126,0.037,0.025,-0.125,0.114,0.106,0.0,0.0,0.0,-0.326,1.393,0.085
11515377,83.195,0.31,0.018,0.168,0.048,0.019,-0.486,0.014,0.132,0.341,0.041,0.022,-0.124,1.317,0.074
11520578,75.866,0.04,0.02,0.122,0.007,0.015,0.146,0.025,0.064,0.0,0.0,0.0,0.274,1.302,0.076
11521653,78.834,0.018,0.033,0.142,0.008,0.012,0.173,0.021,0.033,0.323,0.011,0.031,,,
11546972,78.945,0.016,0.178,0.126,0.028,0.027,0.424,0.216,0.003,0.0,0.0,0.0,,,
11550492,74.811,0.021,0.131,0.145,0.014,0.035,0.123,0.219,0.014,0.368,0.03,0.023,-0.019,1.158,0.068
11560657,78.416,0.148,0.246,0.12,0.013,0.098,0.194,0.216,0.255,0.156,0.078,0.018,,,
11561379,74.291,0.108,0.008,0.15,0.023,0.011,0.133,0.007,0.204,0.349,0.016,0.019,-0.309,1.079,0.065
11564024,76.968,0.011,0.175,0.12,0.011,0.016,0.225,0.167,0.01,0.233,0.015,0.024,0.159,1.516,0.089
11565903,72.569,0.014,0.077,0.128,0.025,0.042,-0.083,0.143,0.011,0.0,0.0,0.0,,,
11570886,79.519,0.1,0.04,0.123,0.015,0.016,0.207,0.04,0.103,0.0,0.0,0.0,,,
11571423,87.719,0.108,0.017,0.164,0.018,0.01,0.25,0.0,0.07,0.267,0.01,0.023,,,
11600255,75.066,0.045,0.112,0.138,0.01,0.027,0.136,0.195,0.073,0.283,0.033,0.029,-0.46,1.182,0.069
11601276,81.192,0.055,0.211,0.129,0.007,0.022,0.144,0.142,0.068,0.309,0.026,0.022,,,
11602793,76.4,0.027,0.077,0.146,0.009,0.1,0.262,0.13,0.013,0.57,0.031,0.036,-0.153,1.349,0.076
11606451,72.265,0.01,0.028,0.107,0.005,0.018,0.249,0.053,0.014,0.342,0.01,0.012,0.145,1.467,0.087
11612135,75.909,0.008,0.022,0.153,0.009,0.007,0.115,0.031,0.007,0.373,0.005,0.008,,,
11618103,74.546,0.038,0.069,0.124,0.001,0.027,-0.005,0.101,0.05,0.347,0.009,0.032,,,
11619730,76.464,0.026,0.015,0.138,0.013,0.01,0.338,0.016,0.031,0.607,0.01,0.015,,,
11623897,91.051,0.06,0.152,0.261,0.003,0.007,0.311,0.073,0.039,0.0,0.0,0.0,,,
11650682,75.986,0.024,0.015,0.147,0.011,0.008,0.147,0.014,0.015,0.361,0.009,0.013,,,
11657118,75.138,0.028,0.007,0.147,0.005,0.012,0.086,0.009,0.039,0.519,0.003,0.013,-0.304,1.246,0.073
11658986,83.385,0.012,0.066,0.143,0.008,0.01,0.16,0.058,0.005,0.341,0.022,0.008,-0.0,1.12,0.061
11667630,73.824,0.037,0.075,0.169,0.021,0.026,0.012,0.105,0.067,0.584,0.02,0.021,-0.307,1.295,0.076
11671578,73.588,0.007,0.014,0.125,0.003,0.014,0.132,0.013,0.013,0.393,0.003,0.008,,,
11673754,86.978,0.02,0.183,0.176,0.021,0.008,0.384,0.115,0.014,0.5,0.038,0.029,,,
11703582,74.164,0.068,0.036,0.108,0.021,0.043,0.012,0.073,0.118,0.0,0.0,0.0,,,
11708457,71.645,0.004,0.028,0.129,0.022,0.005,0.104,0.054,0.009,0.342,0.007,0.018,,,
11718486,76.268,0.036,0.022,0.171,0.005,0.013,-0.011,0.024,0.072,0.57,0.035,0.012,,,
11723893,72.691,0.033,0.013,0.162,0.006,0.014,0.196,0.007,0.09,0.569,0.006,0.004,0.15,1.197,0.071
11771561,83.184,0.071,0.526,0.156,0.043,0.058,0.235,0.4,0.05,0.44,0.39,0.14,-0.102,1.267,0.072
11802908,73.271,0.018,0.014,0.157,0.012,0.013,0.169,0.02,0.005,0.578,0.009,0.009,0.123,1.397,0.082
11810798,73.698,0.044,0.021,0.147,0.024,0.009,0.242,0.017,0.062,0.325,0.075,0.06,-0.201,1.05,0.061
11819928,73.255,0.005,0.01,0.123,0.002,0.005,0.12,0.012,0.009,0.306,0.004,0.005,-0.043,1.235,0.072
11821135,71.871,0.012,0.011,0.131,0.012,0.016,0.162,0.006,0.016,0.202,0.008,0.007,,,
11824817,77.694,0.018,0.183,0.145,0.017,0.036,0.227,0.247,0.021,0.245,0.017,0.028,,,
11868163,77.572,0.017,0.056,0.155,0.016,0.032,0.176,0.028,0.015,0.459,0.043,0.018,,,
11905840,76.012,0.029,0.014,0.131,0.013,0.011,0.273,0.008,0.053,0.308,0.014,0.018,-0.263,1.351,0.078
11911929,74.95,0.037,0.087,0.133,0.008,0.019,0.13,0.13,0.055,0.456,0.016,0.027,,,
11912315,87.282,0.033,0.164,0.147,0.022,0.048,0.093,0.115,0.013,0.373,0.076,0.017,-0.011,1.191,0.067
11913545,77.706,0.009,0.028,0.129,0.007,0.013,0.161,0.037,0.007,0.286,0.012,0.009,0.081,1.168,0.068
11957192,71.781,0.029,0.064,0.113,0.014,0.02,0.151,0.091,0.069,0.27,0.038,0.029,0.105,1.34,0.079
11960195,78.433,0.058,0.095,0.134,0.016,0.014,0.244,0.104,0.055,0.282,0.025,0.022,0.011,1.267,0.072
11960363,72.314,0.019,0.042,0.098,0.013,0.025,0.269,0.098,0.029,0.0,0.0,0.0,0.227,1.278,0.075
11968334,77.9,0.185,0.035,0.125,0.013,0.014,0.251,0.031,0.218,0.39,0.033,0.01,0.193,1.314,0.075
11975173,86.952,0.013,0.092,0.158,0.01,0.007,0.277,0.055,0.008,0.396,0.021,0.018,0.045,1.227,0.068
12007304,88.713,0.005,0.138,0.175,0.021,0.003,0.239,0.094,0.004,0.566,0.042,0.009,-0.28,1.072,0.061
12008916,79.991,0.038,0.111,0.15,0.022,0.029,0.436,0.11,0.024,0.427,0.031,0.035,0.041,1.247,0.071
12012511,71.486,0.041,0.22,0.094,0.044,0.112,0.154,0.42,0.094,0.154,0.104,0.037,0.202,1.62,0.099
12017829,72.885,0.012,0.026,0.156,0.025,0.027,-0.018,0.062,0.011,0.308,0.013,0.006,,,
12018555,80.634,0.171,0.084,0.133,0.012,0.018,0.185,0.105,0.177,0.293,0.02,0.027,,,
12021069,73.634,0.022,0.011,0.128,0.016,0.015,0.247,0.007,0.022,0.369,0.005,0.013,0.146,1.386,0.081
12024640,74.339,0.014,0.196,0.132,0.008,0.015,0.019,0.139,0.018,0.314,0.168,0.008,-0.011,1.191,0.07
12058143,86.145,0.264,0.066,0.181,0.071,0.024,0.25,0.05,0.116,0.289,0.039,0.245,,,
12059823,74.918,0.054,0.012,0.124,0.01,0.013,0.164,0.007,0.089,0.343,0.061,0.049,,,
12060254,77.03,0.034,0.121,0.113,0.006,0.08,0.154,0.137,0.027,0.536,0.023,0.025,0.086,1.619,0.098
12062344,74.927,0.292,0.051,0.132,0.019,0.012,0.036,0.129,0.219,0.233,0.017,0.018,,,
12115227,75.626,0.049,0.023,0.16,0.011,0.014,0.016,0.038,0.091,0.404,0.008,0.016,-0.661,0.934,0.056
12115374,90.892,0.077,0.007,0.163,0.002,0.006,-0.015,0.002,0.042,0.265,0.011,0.01,,,
12153274,73.175,0.01,0.091,0.178,0.01,0.027,0.074,0.084,0.061,0.536,0.03,0.023,-0.408,1.218,0.074
12154686,67.807,0.02,0.032,0.192,0.006,0.008,0.042,0.072,0.04,0.443,0.016,0.009,-0.525,1.118,0.068
12155459,88.219,0.078,0.068,0.164,0.006,0.018,0.273,0.041,0.05,0.288,0.011,0.021,-0.041,1.107,0.058
12165692,75.293,0.01,0.001,0.143,0.003,0.003,0.171,0.002,0.002,0.359,0.008,0.001,-0.102,1.133,0.065
12166563,74.941,0.021,0.067,0.141,0.051,0.016,0.308,0.109,0.026,0.388,0.038,0.052,,,
12170173,74.53,0.033,0.052,0.141,0.031,0.034,0.086,0.032,0.006,0.0,0.0,0.0,-0.042,1.353,0.079
12203243,84.725,0.087,0.121,0.155,0.074,0.055,0.094,0.007,0.063,0.0,0.0,0.0,0.076,1.204,0.068
12206812,79.446,0.05,0.107,0.135,0.025,0.013,0.2,0.085,0.076,0.403,0.021,0.031,0.222,1.21,0.068
12207840,72.557,0.007,0.118,0.183,0.003,0.06,-0.134,0.214,0.009,0.415,0.014,0.004,-0.581,0.981,0.059
12216433,77.084,0.027,0.019,0.139,0.009,0.01,0.065,0.026,0.035,0.385,0.014,0.011,,,
12216750,75.28,0.068,0.044,0.14,0.019,0.021,0.096,0.098,0.071,0.301,0.015,0.02,-0.02,1.121,0.065
12257306,75.255,0.016,0.218,0.124,0.009,0.021,0.194,0.131,0.009,0.213,0.005,0.197,-0.034,1.364,0.079
12402804,70.441,0.051,0.04,0.113,0.016,0.039,-0.262,0.117,0.109,0.0,0.0,0.0,,,
12403474,75.214,0.011,0.187,0.193,0.022,0.011,0.14,0.165,0.019,0.49,0.145,0.003,-0.186,1.336,0.078
12406960,76.245,0.094,0.133,0.124,0.026,0.036,0.215,0.168,0.137,0.0,0.0,0.0,,,
12457926,81.097,0.031,0.086,0.171,0.014,0.022,0.159,0.08,0.032,0.285,0.022,0.023,-0.481,1.123,0.062
12505707,80.548,0.012,0.306,0.128,0.003,0.026,0.152,0.355,0.021,0.311,0.014,0.014,0.205,1.182,0.068
12506511,75.546,0.006,0.008,0.163,0.016,0.003,0.238,0.007,0.004,0.484,0.007,0.011,0.019,1.23,0.071
12506768,83.647,0.1,0.087,0.169,0.016,0.016,0.309,0.08,0.065,0.318,0.031,0.027,-0.214,1.336,0.077
12507577,70.504,0.025,0.042,0.147,0.005,0.012,0.138,0.073,0.06,0.482,0.005,0.004,0.214,1.332,0.08
12554556,77.806,0.011,0.014,0.115,0.005,0.003,0.178,0.017,0.012,0.487,0.015,0.002,0.059,1.559,0.092
12557207,74.263,0.064,0.043,0.111,0.035,0.038,0.1,0.04,0.167,0.0,0.0,0.0,-0.126,1.037,0.062
12601771,85.046,0.04,0.095,0.16,0.002,0.016,0.237,0.067,0.033,0.352,0.044,0.003,-0.188,1.028,0.058
12834442,83.629,0.036,0.049,0.148,0.02,0.017,0.243,0.013,0.002,0.569,0.041,0.01,,,
12885196,72.757,0.008,0.002,0.149,0.014,0.02,0.084,0.003,0.01,0.514,0.007,0.003,0.163,1.354,0.08
